source_id,page_number_display,chunk_id,chunk_index,sentence_count,word_count,text
k8s_security_docs,,k8s_security_docs__docs_concepts_security__security__0001__chunk_0001,1,3,73,"This section of the Kubernetes documentation aims to help you learn to run workloads more securely, and about the essential aspects of keeping a Kubernetes cluster secure. Kubernetes is based on a cloud-native architecture, and draws on advice from the CNCF about good practice for cloud native information security. Read Cloud Native Security and Kubernetes for the broader context about how to secure your cluster and the applications that you're running on it."
k8s_security_docs,,k8s_security_docs__docs_concepts_security__security__kubernetes_security_mechanisms__0002__chunk_0001,1,1,30,"Section: Security > Kubernetes security mechanisms. Kubernetes includes several APIs and security controls, as well as ways to define policies that can form part of how you manage information security."
k8s_security_docs,,k8s_security_docs__docs_concepts_security__security__kubernetes_security_mechanisms__control_plane_protection__0003__chunk_0001,1,3,77,"A key security mechanism for any Kubernetes cluster is to control access to the Kubernetes API. Kubernetes expects you to configure and use TLS to provide data encryption in transit within the control plane, and between the control plane and its clients. You can also enable encryption at rest for the data stored within Kubernetes control plane; this is separate from using encryption at rest for your own workloads' data, which might also be a good idea."
k8s_security_docs,,k8s_security_docs__docs_concepts_security__security__kubernetes_security_mechanisms__secrets__0004__chunk_0001,1,1,18,Section: Kubernetes security mechanisms > Secrets. The Secret API provides basic protection for configuration values that require confidentiality.
k8s_security_docs,,k8s_security_docs__docs_concepts_security__security__kubernetes_security_mechanisms__workload_protection__0005__chunk_0001,1,4,71,"Enforce Pod security standards to ensure that Pods and their containers are isolated appropriately. You can also use RuntimeClasses to define custom isolation if you need it. Network policies let you control network traffic between Pods, or between Pods and the network outside your cluster. You can deploy security controls from the wider ecosystem to implement preventative or detective controls around Pods, their containers, and the images that run in them."
k8s_security_docs,,k8s_security_docs__docs_concepts_security__security__kubernetes_security_mechanisms__admission_control__0006__chunk_0001,1,3,47,"Admission controllers are plugins that intercept Kubernetes API requests and can validate or mutate the requests based on specific fields in the request. Thoughtfully designing these controllers helps to avoid unintended disruptions as Kubernetes APIs change across version updates. For design considerations, see Admission Webhook Good Practices."
k8s_security_docs,,k8s_security_docs__docs_concepts_security__security__kubernetes_security_mechanisms__auditing__0007__chunk_0001,1,2,45,"Section: Kubernetes security mechanisms > Auditing. Kubernetes audit logging provides a security-relevant, chronological set of records documenting the sequence of actions in a cluster. The cluster audits the activities generated by users, by applications that use the Kubernetes API, and by the control plane itself."
k8s_security_docs,,k8s_security_docs__docs_concepts_security__security__cloud_provider_security__0008__chunk_0001,1,2,41,"Section: Security > Cloud provider security. If you are running a Kubernetes cluster on your own hardware or a different cloud provider, consult your documentation for security best practices. Here are links to some of the popular cloud providers' security documentation:"
k8s_security_docs,,k8s_security_docs__docs_concepts_security__security__policies__0009__chunk_0001,1,4,82,"You can define security policies using Kubernetes-native mechanisms, such as NetworkPolicy (declarative control over network packet filtering) or ValidatingAdmissionPolicy (declarative restrictions on what changes someone can make using the Kubernetes API). However, you can also rely on policy implementations from the wider ecosystem around Kubernetes. Kubernetes provides extension mechanisms to let those ecosystem projects implement their own policy controls on source code review, container image approval, API access controls, networking, and more. For more information about policy mechanisms and Kubernetes, read Policies."
k8s_security_docs,,k8s_security_docs__docs_tasks_administer_cluster_securing_a_cluster__securing_a_cluster__0001__chunk_0001,1,1,24,Section: Securing a Cluster. This document covers topics related to protecting a cluster from accidental or malicious access and provides recommendations on overall security.
k8s_security_docs,,k8s_security_docs__docs_tasks_administer_cluster_securing_a_cluster__securing_a_cluster__before_you_begin__0002__chunk_0001,1,6,158,"You need to have a Kubernetes cluster, and the kubectl command-line tool must be configured to communicate with your cluster. It is recommended to run this tutorial on a cluster with at least two nodes that are not acting as control plane hosts. If you do not already have a cluster, you can create one by using minikube or you can use one of these Kubernetes playgrounds: iximiuz Labs Killercoda KodeKloud To check the version, enter kubectl version. You need to have a Kubernetes cluster, and the kubectl command-line tool must be configured to communicate with your cluster. It is recommended to run this tutorial on a cluster with at least two nodes that are not acting as control plane hosts. If you do not already have a cluster, you can create one by using minikube or you can use one of these Kubernetes playgrounds: iximiuz Labs Killercoda KodeKloud To check the version, enter kubectl version. kubectl version"
k8s_security_docs,,k8s_security_docs__docs_tasks_administer_cluster_securing_a_cluster__securing_a_cluster__controlling_access_to_the_kubernetes_api__0003__chunk_0001,1,1,38,"Section: Securing a Cluster > Controlling access to the Kubernetes API. As Kubernetes is entirely API-driven, controlling and limiting who can access the cluster and what actions they are allowed to perform is the first line of defense."
k8s_security_docs,,k8s_security_docs__docs_tasks_administer_cluster_securing_a_cluster__securing_a_cluster__controlling_access_to_the_kubernetes_api__use_transport_layer_security_tls_for_all_api_traffic__0004__chunk_0001,1,2,64,"Kubernetes expects that all API communication in the cluster is encrypted by default with TLS, and the majority of installation methods will allow the necessary certificates to be created and distributed to the cluster components. Note that some components and installation methods may enable local ports over HTTP and administrators should familiarize themselves with the settings of each component to identify potentially unsecured traffic."
k8s_security_docs,,k8s_security_docs__docs_tasks_administer_cluster_securing_a_cluster__securing_a_cluster__controlling_access_to_the_kubernetes_api__api_authentication__0005__chunk_0001,1,6,116,"Choose an authentication mechanism for the API servers to use that matches the common access patterns when you install a cluster. For instance, small, single-user clusters may wish to use a simple certificate or static Bearer token approach. Larger clusters may wish to integrate an existing OIDC or LDAP server that allow users to be subdivided into groups. All API clients must be authenticated, even those that are part of the infrastructure like nodes, proxies, the scheduler, and volume plugins. These clients are typically service accounts or use x509 client certificates, and they are created automatically at cluster startup or are setup as part of the cluster installation. Consult the authentication reference document for more information."
k8s_security_docs,,k8s_security_docs__docs_tasks_administer_cluster_securing_a_cluster__securing_a_cluster__controlling_access_to_the_kubernetes_api__api_authorization__0006__chunk_0001,1,7,151,"Once authenticated, every API call is also expected to pass an authorization check. Kubernetes ships an integrated Role-Based Access Control (RBAC) component that matches an incoming user or group to a set of permissions bundled into roles. These permissions combine verbs (get, create, delete) with resources (pods, services, nodes) and can be namespace-scoped or cluster-scoped. A set of out-of-the-box roles are provided that offer reasonable default separation of responsibility depending on what actions a client might want to perform. It is recommended that you use the Node and RBAC authorizers together, in combination with the NodeRestriction admission plugin. As with authentication, simple and broad roles may be appropriate for smaller clusters, but as more users interact with the cluster, it may become necessary to separate teams into separate namespaces with more limited roles. With authorization, it is important to understand how updates on one object may cause actions in other places."
k8s_security_docs,,k8s_security_docs__docs_tasks_administer_cluster_securing_a_cluster__securing_a_cluster__controlling_access_to_the_kubernetes_api__api_authorization__0006__chunk_0002,2,7,152,"For instance, a user may not be able to create pods directly, but allowing them to create a deployment, which creates pods on their behalf, will let them create those pods indirectly. Likewise, deleting a node from the API will result in the pods scheduled to that node being terminated and recreated on other nodes. The out-of-the box roles represent a balance between flexibility and common use cases, but more limited roles should be carefully reviewed to prevent accidental escalation. You can make roles specific to your use case if the out-of-box ones don't meet your needs. Consult the authorization reference section for more information. If your cluster uses Dynamic Resource Allocation (DRA), review DRA synthetic subresource authorization ( resourceclaims/binding and resourceclaims/driver ) and grant only the minimum required verbs to each component. For details, see Hardening Guide - Dynamic Resource Allocation and Harden Dynamic Resource Allocation in Your Cluster. resourceclaims/binding resourceclaims/driver"
k8s_security_docs,,k8s_security_docs__docs_tasks_administer_cluster_securing_a_cluster__securing_a_cluster__controlling_access_to_the_kubelet__0007__chunk_0001,1,4,48,Section: Securing a Cluster > Controlling access to the Kubelet. Kubelets expose HTTPS endpoints which grant powerful control over the node and containers. By default Kubelets allow unauthenticated access to this API. Production clusters should enable Kubelet authentication and authorization. Consult the Kubelet authentication/authorization reference for more information.
k8s_security_docs,,k8s_security_docs__docs_tasks_administer_cluster_securing_a_cluster__securing_a_cluster__controlling_the_capabilities_of_a_workload_or_user_at_runtime__0008__chunk_0001,1,2,50,"Section: Securing a Cluster > Controlling the capabilities of a workload or user at runtime. Authorization in Kubernetes is intentionally high level, focused on coarse actions on resources. More powerful controls exist as policies to limit by use case how those objects act on the cluster, themselves, and other resources."
k8s_security_docs,,k8s_security_docs__docs_tasks_administer_cluster_securing_a_cluster__securing_a_cluster__controlling_the_capabilities_of_a_workload_or_user_at_runtime__limiting_resource_usage_on_a_cluster__0009__chunk_0001,1,3,85,"Resource quota limits the number or capacity of resources granted to a namespace. This is most often used to limit the amount of CPU, memory, or persistent disk a namespace can allocate, but can also control how many pods, services, or volumes exist in each namespace. Limit ranges restrict the maximum or minimum size of some of the resources above, to prevent users from requesting unreasonably high or low values for commonly reserved resources like memory, or to provide default limits when none are specified."
k8s_security_docs,,k8s_security_docs__docs_tasks_administer_cluster_securing_a_cluster__securing_a_cluster__controlling_the_capabilities_of_a_workload_or_user_at_runtime__controlling_what_privileges_containers_run_with__0010__chunk_0001,1,5,138,"A pod definition contains a security context that allows it to request access to run as a specific Linux user on a node (like root), access to run privileged or access the host network, and other controls that would otherwise allow it to run unfettered on a hosting node. You can configure Pod security admission to enforce use of a particular Pod Security Standard in a namespace, or to detect breaches. Generally, most application workloads need limited access to host resources so they can successfully run as a root process (uid 0) without access to host information. However, considering the privileges associated with the root user, you should write application containers to run as a non-root user. Similarly, administrators who wish to prevent client applications from escaping their containers should apply the Baseline or Restricted Pod Security Standard."
k8s_security_docs,,k8s_security_docs__docs_tasks_administer_cluster_securing_a_cluster__securing_a_cluster__controlling_the_capabilities_of_a_workload_or_user_at_runtime__preventing_containers_from_loading_unwanted_kernel_modules__0011__chunk_0001,1,4,97,"The Linux kernel automatically loads kernel modules from disk if needed in certain circumstances, such as when a piece of hardware is attached or a filesystem is mounted. Of particular relevance to Kubernetes, even unprivileged processes can cause certain network-protocol-related kernel modules to be loaded, just by creating a socket of the appropriate type. This may allow an attacker to exploit a security hole in a kernel module that the administrator assumed was not in use. To prevent specific modules from being automatically loaded, you can uninstall them from the node, or add rules to block them."
k8s_security_docs,,k8s_security_docs__docs_tasks_administer_cluster_securing_a_cluster__securing_a_cluster__controlling_the_capabilities_of_a_workload_or_user_at_runtime__preventing_containers_from_loading_unwanted_kernel_modules__0011__chunk_0002,2,2,121,"On most Linux distributions, you can do that by creating a file such as /etc/modprobe.d/kubernetes-blacklist.conf with contents like: /etc/modprobe.d/kubernetes-blacklist.conf # DCCP is unlikely to be needed, has had multiple serious # vulnerabilities, and is not well-maintained. blacklist dccp # SCTP is not used in most Kubernetes clusters, and has also had # vulnerabilities in the past. blacklist sctp To block module loading more generically, you can use a Linux Security Module (such as SELinux) to completely deny the module_request permission to containers, preventing the kernel from loading modules for containers under any circumstances. (Pods would still be able to use modules that had been loaded manually, or modules that were loaded by the kernel on behalf of some more-privileged process.) module_request"
k8s_security_docs,,k8s_security_docs__docs_tasks_administer_cluster_securing_a_cluster__securing_a_cluster__controlling_the_capabilities_of_a_workload_or_user_at_runtime__restricting_network_access__0012__chunk_0001,1,4,102,"The network policies for a namespace allows application authors to restrict which pods in other namespaces may access pods and ports within their namespaces. Many of the supported Kubernetes networking providers now respect network policy. Quota and limit ranges can also be used to control whether users may request node ports or load-balanced services, which on many clusters can control whether those users applications are visible outside of the cluster. Additional protections may be available that control network rules on a per-plugin or per- environment basis, such as per-node firewalls, physically separating cluster nodes to prevent cross talk, or advanced networking policy."
k8s_security_docs,,k8s_security_docs__docs_tasks_administer_cluster_securing_a_cluster__securing_a_cluster__controlling_the_capabilities_of_a_workload_or_user_at_runtime__restricting_cloud_metadata_api_access__0013__chunk_0001,1,4,91,"Cloud platforms (AWS, Azure, GCE, etc.) often expose metadata services locally to instances. By default these APIs are accessible by pods running on an instance and can contain cloud credentials for that node, or provisioning data such as kubelet credentials. These credentials can be used to escalate within the cluster or to other cloud services under the same account. When running Kubernetes on a cloud platform, limit permissions given to instance credentials, use network policies to restrict pod access to the metadata API, and avoid using provisioning data to deliver secrets."
k8s_security_docs,,k8s_security_docs__docs_tasks_administer_cluster_securing_a_cluster__securing_a_cluster__controlling_the_capabilities_of_a_workload_or_user_at_runtime__controlling_which_nodes_pods_may_access__0014__chunk_0001,1,5,109,"By default, there are no restrictions on which nodes may run a pod. Kubernetes offers a rich set of policies for controlling placement of pods onto nodes and the taint-based pod placement and eviction that are available to end users. For many clusters use of these policies to separate workloads can be a convention that authors adopt or enforce via tooling. As an administrator, a beta admission plugin PodNodeSelector can be used to force pods within a namespace to default or require a specific node selector, and if end users cannot alter namespaces, this can strongly limit the placement of all of the pods in a specific workload. PodNodeSelector"
k8s_security_docs,,k8s_security_docs__docs_tasks_administer_cluster_securing_a_cluster__securing_a_cluster__protecting_cluster_components_from_compromise__0015__chunk_0001,1,1,21,Section: Securing a Cluster > Protecting cluster components from compromise. This section describes some common patterns for protecting clusters from compromise.
k8s_security_docs,,k8s_security_docs__docs_tasks_administer_cluster_securing_a_cluster__securing_a_cluster__protecting_cluster_components_from_compromise__restrict_access_to_etcd__0016__chunk_0001,1,2,70,"Write access to the etcd backend for the API is equivalent to gaining root on the entire cluster, and read access can be used to escalate fairly quickly. Administrators should always use strong credentials from the API servers to their etcd server, such as mutual auth via TLS client certificates, and it is often recommended to isolate the etcd servers behind a firewall that only the API servers may access."
k8s_security_docs,,k8s_security_docs__docs_tasks_administer_cluster_securing_a_cluster__securing_a_cluster__protecting_cluster_components_from_compromise__enable_audit_logging__0017__chunk_0001,1,2,49,Section: Protecting cluster components from compromise > Enable audit logging. The audit logger is a beta feature that records actions taken by the API for later analysis in the event of a compromise. It is recommended to enable audit logging and archive the audit file on a secure server.
k8s_security_docs,,k8s_security_docs__docs_tasks_administer_cluster_securing_a_cluster__securing_a_cluster__protecting_cluster_components_from_compromise__restrict_access_to_alpha_or_beta_features__0018__chunk_0001,1,3,48,"Alpha and beta Kubernetes features are in active development and may have limitations or bugs that result in security vulnerabilities. Always assess the value an alpha or beta feature may provide against the possible risk to your security posture. When in doubt, disable features you do not use."
k8s_security_docs,,k8s_security_docs__docs_tasks_administer_cluster_securing_a_cluster__securing_a_cluster__protecting_cluster_components_from_compromise__rotate_infrastructure_credentials_frequently__0019__chunk_0001,1,5,87,"The shorter the lifetime of a secret or credential the harder it is for an attacker to make use of that credential. Set short lifetimes on certificates and automate their rotation. Use an authentication provider that can control how long issued tokens are available and use short lifetimes where possible. If you use service-account tokens in external integrations, plan to rotate those tokens frequently. For example, once the bootstrap phase is complete, a bootstrap token used for setting up nodes should be revoked or its authorization removed."
k8s_security_docs,,k8s_security_docs__docs_tasks_administer_cluster_securing_a_cluster__securing_a_cluster__protecting_cluster_components_from_compromise__review_third_party_integrations_before_enabling_them__0020__chunk_0001,1,6,188,"Many third party integrations to Kubernetes may alter the security profile of your cluster. When enabling an integration, always review the permissions that an extension requests before granting it access. For example, many security integrations may request access to view all secrets on your cluster which is effectively making that component a cluster admin. When in doubt, restrict the integration to functioning in a single namespace if possible. Components that create pods may also be unexpectedly powerful if they can do so inside namespaces like the kube-system namespace, because those pods can gain access to service account secrets or run with elevated permissions if those service accounts are granted access to permissive PodSecurityPolicies. kube-system If you use Pod Security admission and allow any component to create Pods within a namespace that permits privileged Pods, those Pods may be able to escape their containers and use this widened access to elevate their privileges. You should not allow untrusted components to create Pods in any system namespace (those with names that start with kube- ) nor in any namespace where that access grant allows the possibility of privilege escalation. kube-"
k8s_security_docs,,k8s_security_docs__docs_tasks_administer_cluster_securing_a_cluster__securing_a_cluster__protecting_cluster_components_from_compromise__encrypt_secrets_at_rest__0021__chunk_0001,1,7,136,"In general, the etcd database will contain any information accessible via the Kubernetes API and may grant an attacker significant visibility into the state of your cluster. Always encrypt your backups using a well reviewed backup and encryption solution, and consider using full disk encryption where possible. Kubernetes supports optional encryption at rest for information in the Kubernetes API. This lets you ensure that when Kubernetes stores data for objects (for example, Secret or ConfigMap objects), the API server writes an encrypted representation of the object. That encryption means that even someone who has access to etcd backup data is unable to view the content of those objects. In Kubernetes 1.36 you can also encrypt custom resources; encryption-at-rest for extension APIs defined in CustomResourceDefinitions was added to Kubernetes as part of the v1.26 release. Secret ConfigMap"
k8s_security_docs,,k8s_security_docs__docs_tasks_administer_cluster_securing_a_cluster__securing_a_cluster__protecting_cluster_components_from_compromise__receiving_alerts_for_security_updates_and_reporting_vulnerabilities__0022__chunk_0001,1,2,36,Section: Protecting cluster components from compromise > Receiving alerts for security updates and reporting vulnerabilities. Join the kubernetes-announce group for emails about security announcements. See the security reporting page for more on how to report vulnerabilities.
k8s_security_docs,,k8s_security_docs__docs_concepts_security_pod_security_standards__pod_security_standards__0001__chunk_0001,1,3,36,Section: Pod Security Standards. The Pod Security Standards define three different policies to broadly cover the security spectrum. These policies are cumulative and range from highly-permissive to highly-restrictive. This guide outlines the requirements of each policy.
k8s_security_docs,,k8s_security_docs__docs_concepts_security_pod_security_standards__pod_security_standards__profile_details__privileged__0002__chunk_0001,1,5,73,"The Privileged policy is purposely-open, and entirely unrestricted. This type of policy is typically aimed at system- and infrastructure-level workloads managed by privileged, trusted users. The Privileged policy is defined by an absence of restrictions. If you define a Pod where the Privileged security policy applies, the Pod you define is able to bypass typical container isolation mechanisms. For example, you can define a Pod that has access to the node's host network."
k8s_security_docs,,k8s_security_docs__docs_concepts_security_pod_security_standards__pod_security_standards__profile_details__baseline__0003__chunk_0001,1,3,42,Section: Profile Details > Baseline. The Baseline policy is aimed at ease of adoption for common containerized workloads while preventing known privilege escalations. This policy is targeted at application operators and developers of non-critical applications. The following listed controls should be enforced/disallowed:
k8s_security_docs,,k8s_security_docs__docs_concepts_security_pod_security_standards__pod_security_standards__profile_details__baseline__note__0004__chunk_0001,1,7,165,* spec.containers[*].securityContext Windows Pods offer the ability to run HostProcess containers which enables privileged access to the Windows host machine. Privileged access to the host is disallowed in the Baseline policy. Kubernetes v1.26 [stable] Restricted Fields spec.securityContext.windowsOptions.hostProcess spec.containers[*].securityContext.windowsOptions.hostProcess spec.initContainers[*].securityContext.windowsOptions.hostProcess spec.ephemeralContainers[*].securityContext.windowsOptions.hostProcess Allowed Values Undefined/nil false Sharing the host namespaces must be disallowed. Restricted Fields spec.hostNetwork spec.hostPID spec.hostIPC Allowed Values Undefined/nil false Privileged Pods disable most security mechanisms and must be disallowed. Restricted Fields spec.containers[*].securityContext.privileged spec.initContainers[*].securityContext.privileged spec.ephemeralContainers[*].securityContext.privileged Allowed Values Undefined/nil false Adding additional capabilities beyond those listed below must be disallowed. Restricted Fields spec.containers[*].securityContext.capabilities.add spec.initContainers[*].securityContext.capabilities.add spec.ephemeralContainers[*].securityContext.capabilities.add Allowed Values Undefined/nil AUDIT_WRITE CHOWN DAC_OVERRIDE FOWNER FSETID KILL MKNOD NET_BIND_SERVICE SETFCAP SETGID SETPCAP SETUID SYS_CHROOT HostPath volumes must be forbidden. Restricted Fields spec.volumes[*].hostPath Allowed Values Undefined/nil HostPorts should be disallowed entirely (recommended) or restricted to a known list Restricted Fields spec.containers[*].ports[*].hostPort spec.initContainers[*].ports[*].hostPort spec.ephemeralContainers[*].ports[*].hostPort Allowed Values Undefined/nil Known list (not supported by the built-in Pod Security Admission controller ) 0 The Host field in probes and lifecycle hooks must be disallowed.
k8s_security_docs,,k8s_security_docs__docs_concepts_security_pod_security_standards__pod_security_standards__profile_details__baseline__note__0004__chunk_0002,2,4,158,"Restricted Fields spec.containers[*].livenessProbe.httpGet.host spec.containers[*].readinessProbe.httpGet.host spec.containers[*].startupProbe.httpGet.host spec.containers[*].livenessProbe.tcpSocket.host spec.containers[*].readinessProbe.tcpSocket.host spec.containers[*].startupProbe.tcpSocket.host spec.containers[*].lifecycle.postStart.tcpSocket.host spec.containers[*].lifecycle.preStop.tcpSocket.host spec.containers[*].lifecycle.postStart.httpGet.host spec.containers[*].lifecycle.preStop.httpGet.host spec.initContainers[*].livenessProbe.httpGet.host spec.initContainers[*].readinessProbe.httpGet.host spec.initContainers[*].startupProbe.httpGet.host spec.initContainers[*].livenessProbe.tcpSocket.host spec.initContainers[*].readinessProbe.tcpSocket.host spec.initContainers[*].startupProbe.tcpSocket.host spec.initContainers[*].lifecycle.postStart.tcpSocket.host spec.initContainers[*].lifecycle.preStop.tcpSocket.host spec.initContainers[*].lifecycle.postStart.httpGet.host spec.initContainers[*].lifecycle.preStop.httpGet.host Allowed Values Undefined/nil """" On supported hosts, the RuntimeDefault AppArmor profile is applied by default. The baseline policy should prevent overriding or disabling the default AppArmor profile, or restrict overrides to an allowed set of profiles. RuntimeDefault Restricted Fields spec.securityContext.appArmorProfile.type spec.containers[*].securityContext.appArmorProfile.type spec.initContainers[*].securityContext.appArmorProfile.type spec.ephemeralContainers[*].securityContext.appArmorProfile.type Allowed Values Undefined/nil RuntimeDefault Localhost metadata.annotations[""container.apparmor.security.beta.kubernetes.io/*""] Allowed Values Undefined/nil runtime/default localhost/* Setting the SELinux type is restricted, and setting a custom SELinux user or role option is forbidden. Restricted Fields spec.securityContext.seLinuxOptions.type spec.containers[*].securityContext.seLinuxOptions.type spec.initContainers[*].securityContext.seLinuxOptions.type spec.ephemeralContainers[*].securityContext.seLinuxOptions.type Allowed Values Undefined/"""" container_t container_init_t container_kvm_t container_engine_t (since Kubernetes 1.31) container_engine_t Restricted Fields spec.securityContext.seLinuxOptions.user spec.containers[*].securityContext.seLinuxOptions.user spec.initContainers[*].securityContext.seLinuxOptions.user spec.ephemeralContainers[*].securityContext.seLinuxOptions.user spec.securityContext.seLinuxOptions.role spec.containers[*].securityContext.seLinuxOptions.role spec.initContainers[*].securityContext.seLinuxOptions.role spec.ephemeralContainers[*].securityContext.seLinuxOptions.role Allowed Values Undefined/"""" /proc The default /proc masks are set up to reduce attack surface, and should be required. /proc Restricted Fields spec.containers[*].securityContext.procMount spec.initContainers[*].securityContext.procMount spec.ephemeralContainers[*].securityContext.procMount Allowed Values Undefined/nil Default Seccomp profile must not be explicitly set to Unconfined."
k8s_security_docs,,k8s_security_docs__docs_concepts_security_pod_security_standards__pod_security_standards__profile_details__baseline__note__0004__chunk_0003,3,3,98,"Unconfined Restricted Fields spec.securityContext.seccompProfile.type spec.containers[*].securityContext.seccompProfile.type spec.initContainers[*].securityContext.seccompProfile.type spec.ephemeralContainers[*].securityContext.seccompProfile.type Allowed Values Undefined/nil RuntimeDefault Localhost Sysctls can disable security mechanisms or affect all containers on a host, and should be disallowed except for an allowed ""safe"" subset. A sysctl is considered safe if it is namespaced in the container or the Pod, and it is isolated from other Pods or processes on the same Node. Restricted Fields spec.securityContext.sysctls[*].name Allowed Values Undefined/nil kernel.shm_rmid_forced net.ipv4.ip_local_port_range net.ipv4.ip_unprivileged_port_start net.ipv4.tcp_syncookies net.ipv4.ping_group_range net.ipv4.ip_local_reserved_ports (since Kubernetes 1.27) net.ipv4.ip_local_reserved_ports net.ipv4.tcp_keepalive_time (since Kubernetes 1.29) net.ipv4.tcp_keepalive_time net.ipv4.tcp_fin_timeout (since Kubernetes 1.29) net.ipv4.tcp_fin_timeout net.ipv4.tcp_keepalive_intvl (since Kubernetes 1.29) net.ipv4.tcp_keepalive_intvl net.ipv4.tcp_keepalive_probes (since Kubernetes 1.29) net.ipv4.tcp_keepalive_probes"
k8s_security_docs,,k8s_security_docs__docs_concepts_security_pod_security_standards__pod_security_standards__profile_details__restricted__0005__chunk_0001,1,3,45,"Section: Profile Details > Restricted. The Restricted policy is aimed at enforcing current Pod hardening best practices, at the expense of some compatibility. It is targeted at operators and developers of security-critical applications, as well as lower-trust users. The following listed controls should be enforced/disallowed:"
k8s_security_docs,,k8s_security_docs__docs_concepts_security_pod_security_standards__pod_security_standards__profile_details__restricted__note__0006__chunk_0001,1,7,199,"* spec.containers[*].securityContext The Restricted policy only permits the following volume types. Restricted Fields spec.volumes[*] Allowed Values spec.volumes[*] spec.volumes[*].configMap spec.volumes[*].csi spec.volumes[*].downwardAPI spec.volumes[*].emptyDir spec.volumes[*].ephemeral spec.volumes[*].persistentVolumeClaim spec.volumes[*].projected spec.volumes[*].secret Privilege escalation (such as via set-user-ID or set-group-ID file mode) should not be allowed. This is Linux only policy in v1.25+ (spec.os.name!= windows) (spec.os.name!= windows) Restricted Fields spec.containers[*].securityContext.allowPrivilegeEscalation spec.initContainers[*].securityContext.allowPrivilegeEscalation spec.ephemeralContainers[*].securityContext.allowPrivilegeEscalation Allowed Values false Containers must be required to run as non-root users. Restricted Fields spec.securityContext.runAsNonRoot spec.containers[*].securityContext.runAsNonRoot spec.initContainers[*].securityContext.runAsNonRoot spec.ephemeralContainers[*].securityContext.runAsNonRoot Allowed Values true nil spec.securityContext.runAsNonRoot true Containers must not set runAsUser to 0 Restricted Fields spec.securityContext.runAsUser spec.containers[*].securityContext.runAsUser spec.initContainers[*].securityContext.runAsUser spec.ephemeralContainers[*].securityContext.runAsUser Allowed Values any non-zero value undefined/null Seccomp profile must be explicitly set to one of the allowed values. Both the Unconfined profile and the absence of a profile are prohibited. This is Linux only policy in v1.25+ (spec.os.name!= windows) Unconfined (spec.os.name!= windows) Restricted Fields spec.securityContext.seccompProfile.type spec.containers[*].securityContext.seccompProfile.type spec.initContainers[*].securityContext.seccompProfile.type spec.ephemeralContainers[*].securityContext.seccompProfile.type Allowed Values RuntimeDefault Localhost nil spec.securityContext.seccompProfile.type nil Containers must drop ALL capabilities, and are only permitted to add back the NET_BIND_SERVICE capability. This is Linux only policy in v1.25+ (.spec.os.name!= ""windows"") ALL NET_BIND_SERVICE (.spec.os.name!= ""windows"") Restricted Fields spec.containers[*].securityContext.capabilities.drop spec.initContainers[*].securityContext.capabilities.drop spec.ephemeralContainers[*].securityContext.capabilities.drop Allowed Values Any list of capabilities that includes ALL ALL Restricted Fields spec.containers[*].securityContext.capabilities.add spec.initContainers[*].securityContext.capabilities.add spec.ephemeralContainers[*].securityContext.capabilities.add Allowed Values Undefined/nil NET_BIND_SERVICE"
k8s_security_docs,,k8s_security_docs__docs_concepts_security_pod_security_standards__pod_security_standards__policy_instantiation__0007__chunk_0001,1,4,57,"Decoupling policy definition from policy instantiation allows for a common understanding and consistent language of policies across clusters, independent of the underlying enforcement mechanism. As mechanisms mature, they will be defined below on a per-policy basis. The methods of enforcement of individual policies are not defined here. Pod Security Admission Controller Privileged namespace Baseline namespace Restricted namespace"
k8s_security_docs,,k8s_security_docs__docs_concepts_security_pod_security_standards__pod_security_standards__policy_instantiation__alternatives__0008__chunk_0001,1,1,23,"Section: Policy Instantiation > Alternatives. Other alternatives for enforcing policies are being developed in the Kubernetes ecosystem, such as: Kubewarden Kyverno OPA Gatekeeper"
k8s_security_docs,,k8s_security_docs__docs_concepts_security_pod_security_standards__pod_security_standards__pod_os_field__0009__chunk_0001,1,4,45,"Kubernetes lets you use nodes that run either Linux or Windows. You can mix both kinds of node in one cluster. Windows in Kubernetes has some limitations and differentiators from Linux-based workloads. Specifically, many of the Pod securityContext fields have no effect on Windows. securityContext"
k8s_security_docs,,k8s_security_docs__docs_concepts_security_pod_security_standards__pod_security_standards__pod_os_field__restricted_pod_security_standard_changes__0010__chunk_0001,1,2,52,"Section: Pod OS field > Restricted Pod Security Standard changes. Another important change, made in Kubernetes v1.25 is that the Restricted policy has been updated to use the pod.spec.os.name field. Based on the OS name, certain policies that are specific to a particular OS can be relaxed for the other OS. pod.spec.os.name"
k8s_security_docs,,k8s_security_docs__docs_concepts_security_pod_security_standards__pod_security_standards__pod_os_field__restricted_pod_security_standard_changes__os_specific_policy_controls__0011__chunk_0001,1,1,28,Section: Restricted Pod Security Standard changes > OS-specific policy controls. Restrictions on the following controls are only required if.spec.os.name is not windows:.spec.os.name windows Privilege Escalation Seccomp Linux Capabilities
k8s_security_docs,,k8s_security_docs__docs_concepts_security_pod_security_standards__pod_security_standards__user_namespaces__0012__chunk_0001,1,2,38,Section: Pod Security Standards > User namespaces. User Namespaces are a Linux-only feature to run workloads with increased isolation. How they work together with Pod Security Standards is described in the documentation for Pods that use user namespaces.
k8s_security_docs,,k8s_security_docs__docs_concepts_security_pod_security_standards__pod_security_standards__faq__why_isn_t_there_a_profile_between_privileged_and_baseline__0013__chunk_0001,1,4,94,"The three profiles defined here have a clear linear progression from most secure (Restricted) to least secure (Privileged), and cover a broad set of workloads. Privileges required above the Baseline policy are typically very application specific, so we do not offer a standard profile in this niche. This is not to say that the privileged profile should always be used in this case, but that policies in this space need to be defined on a case-by-case basis. SIG Auth may reconsider this position in the future, should a clear need for other profiles arise."
k8s_security_docs,,k8s_security_docs__docs_concepts_security_pod_security_standards__pod_security_standards__faq__what_s_the_difference_between_a_security_profile_and_a_security_context__0014__chunk_0001,1,4,73,"Security Contexts configure Pods and Containers at runtime. Security contexts are defined as part of the Pod and container specifications in the Pod manifest, and represent parameters to the container runtime. Security profiles are control plane mechanisms to enforce specific settings in the Security Context, as well as other related parameters outside the Security Context. As of July 2021, Pod Security Policies are deprecated in favor of the built-in Pod Security Admission Controller."
k8s_security_docs,,k8s_security_docs__docs_concepts_security_pod_security_standards__pod_security_standards__faq__what_about_sandboxed_pods__0015__chunk_0001,1,7,112,"There is currently no API standard that controls whether a Pod is considered sandboxed or not. Sandbox Pods may be identified by the use of a sandboxed runtime (such as gVisor or Kata Containers), but there is no standard definition of what a sandboxed runtime is. The protections necessary for sandboxed workloads can differ from others. For example, the need to restrict privileged permissions is lessened when the workload is isolated from the underlying kernel. This allows for workloads requiring heightened permissions to still be isolated. Additionally, the protection of sandboxed workloads is highly dependent on the method of sandboxing. As such, no single recommended profile is recommended for all sandboxed workloads."
k8s_security_docs,,k8s_security_docs__docs_concepts_security_pod_security_admission__pod_security_admission__0001__chunk_0001,1,4,60,"Kubernetes v1.25 [stable] The Kubernetes Pod Security Standards define different isolation levels for Pods. These standards let you define how you want to restrict the behavior of pods in a clear, consistent fashion. Kubernetes offers a built-in Pod Security admission controller to enforce the Pod Security Standards. Pod security restrictions are applied at the namespace level when pods are created."
k8s_security_docs,,k8s_security_docs__docs_concepts_security_pod_security_admission__pod_security_admission__built_in_pod_security_admission_enforcement__0002__chunk_0001,1,2,35,"Section: Pod Security Admission > Built-in Pod Security admission enforcement. This page is part of the documentation for Kubernetes v1.36. If you are running a different version of Kubernetes, consult the documentation for that release."
k8s_security_docs,,k8s_security_docs__docs_concepts_security_pod_security_admission__pod_security_admission__pod_security_levels__0003__chunk_0001,1,2,46,"Pod Security admission places requirements on a Pod's Security Context and other related fields according to the three levels defined by the Pod Security Standards: privileged, baseline, and restricted. Refer to the Pod Security Standards page for an in-depth look at those requirements. privileged baseline restricted"
k8s_security_docs,,k8s_security_docs__docs_concepts_security_pod_security_admission__pod_security_admission__pod_security_admission_labels_for_namespaces__0004__chunk_0001,1,3,91,"Once the feature is enabled or the webhook is installed, you can configure namespaces to define the admission control mode you want to use for pod security in each namespace. Kubernetes defines a set of labels that you can set to define which of the predefined Pod Security Standard levels you want to use for a namespace. The label you select defines what action the control plane takes if a potential violation is detected: A namespace can configure any or all modes, or even set a different level for different modes."
k8s_security_docs,,k8s_security_docs__docs_concepts_security_pod_security_admission__pod_security_admission__pod_security_admission_labels_for_namespaces__0004__chunk_0002,2,1,114,"For each mode, there are two labels that determine the policy used: # The per-mode level label indicates which policy level to apply for the mode. # # MODE must be one of `enforce`, `audit`, or `warn`. # LEVEL must be one of `privileged`, `baseline`, or `restricted`. pod-security.kubernetes.io/<MODE>: <LEVEL> # Optional: per-mode version label that can be used to pin the policy to the # version that shipped with a given Kubernetes minor version (for example v1.36). # # MODE must be one of `enforce`, `audit`, or `warn`. # VERSION must be a valid Kubernetes minor version, or `latest`. pod-security.kubernetes.io/<MODE>-version: <VERSION> Check out Enforce Pod Security Standards with Namespace Labels to see example usage."
k8s_security_docs,,k8s_security_docs__docs_concepts_security_pod_security_admission__pod_security_admission__workload_resources_and_pod_templates__0005__chunk_0001,1,4,68,"Pods are often created indirectly, by creating a workload object such as a Deployment or Job. The workload object defines a Pod template and a controller for the workload resource creates Pods based on that template. To help catch violations early, both the audit and warning modes are applied to the workload resources. However, enforce mode is not applied to workload resources, only to the resulting pod objects."
k8s_security_docs,,k8s_security_docs__docs_concepts_security_pod_security_admission__pod_security_admission__exemptions__0006__chunk_0001,1,7,107,"You can define exemptions from pod security enforcement in order to allow the creation of pods that would have otherwise been prohibited due to the policy associated with a given namespace. Exemptions can be statically configured in the Admission Controller configuration. Exemptions must be explicitly enumerated. Requests meeting exemption criteria are ignored by the Admission Controller (all enforce, audit and warn behaviors are skipped). Exemption dimensions include: enforce audit warn Usernames: requests from users with an exempt authenticated (or impersonated) username are ignored. RuntimeClassNames: pods and workload resources specifying an exempt runtime class name are ignored. Namespaces: pods and workload resources in an exempt namespace are ignored."
k8s_security_docs,,k8s_security_docs__docs_concepts_security_pod_security_admission__pod_security_admission__exemptions__caution__0007__chunk_0001,1,1,72,"system:serviceaccount:kube-system:replicaset-controller Updates to the following pod fields are exempt from policy checks, meaning that if a pod update request only changes these fields, it will not be denied even if the pod is in violation of the current policy level: Any metadata updates except changes to the seccomp or AppArmor annotations: seccomp.security.alpha.kubernetes.io/pod (deprecated) container.seccomp.security.alpha.kubernetes.io/* (deprecated) container.apparmor.security.beta.kubernetes.io/* (deprecated) seccomp.security.alpha.kubernetes.io/pod (deprecated) seccomp.security.alpha.kubernetes.io/pod container.seccomp.security.alpha.kubernetes.io/* (deprecated) container.seccomp.security.alpha.kubernetes.io/* container.apparmor.security.beta.kubernetes.io/* (deprecated) container.apparmor.security.beta.kubernetes.io/* Valid updates to.spec.activeDeadlineSeconds.spec.activeDeadlineSeconds Valid updates to.spec.tolerations.spec.tolerations"
k8s_security_docs,,k8s_security_docs__docs_concepts_security_pod_security_admission__pod_security_admission__metrics__0008__chunk_0001,1,2,72,"Here are the Prometheus metrics exposed by kube-apiserver: pod_security_errors_total: This metric indicates the number of errors preventing normal evaluation. Non-fatal errors may result in the latest restricted profile being used for enforcement. pod_security_errors_total pod_security_evaluations_total: This metric indicates the number of policy evaluations that have occurred, not counting ignored or exempt requests during exporting. pod_security_evaluations_total pod_security_exemptions_total: This metric indicates the number of exempt requests, not counting ignored or out of scope requests. pod_security_exemptions_total"
k8s_security_docs,,k8s_security_docs__docs_concepts_security_service_accounts__service_accounts__0001__chunk_0001,1,1,29,"Section: Service Accounts. This page introduces the ServiceAccount object in Kubernetes, providing information about how service accounts work, use cases, limitations, alternatives, and links to resources for additional guidance."
k8s_security_docs,,k8s_security_docs__docs_concepts_security_service_accounts__service_accounts__what_are_service_accounts__0002__chunk_0001,1,9,151,"A service account is a type of non-human account that, in Kubernetes, provides a distinct identity in a Kubernetes cluster. Application Pods, system components, and entities inside and outside the cluster can use a specific ServiceAccount's credentials to identify as that ServiceAccount. This identity is useful in various situations, including authenticating to the API server or implementing identity-based security policies. Service accounts exist as ServiceAccount objects in the API server. Service accounts have the following properties: Namespaced: Each service account is bound to a Kubernetes namespace. Every namespace gets a default ServiceAccount upon creation. default Lightweight: Service accounts exist in the cluster and are defined in the Kubernetes API. You can quickly create service accounts to enable specific tasks. Portable: A configuration bundle for a complex containerized workload might include service account definitions for the system's components. The lightweight nature of service accounts and the namespaced identities make the configurations portable."
k8s_security_docs,,k8s_security_docs__docs_concepts_security_service_accounts__service_accounts__what_are_service_accounts__0002__chunk_0002,2,4,62,"Service accounts are different from user accounts, which are authenticated human users in the cluster. By default, user accounts don't exist in the Kubernetes API server; instead, the API server treats user identities as opaque data. You can authenticate as a user account using multiple methods. Some Kubernetes distributions might add custom extension APIs to represent user accounts in the API server."
k8s_security_docs,,k8s_security_docs__docs_concepts_security_service_accounts__service_accounts__what_are_service_accounts__default_service_accounts__0003__chunk_0001,1,3,102,"When you create a cluster, Kubernetes automatically creates a ServiceAccount object named default for every namespace in your cluster. The default service accounts in each namespace get no permissions by default other than the default API discovery permissions that Kubernetes grants to all authenticated principals if role-based access control (RBAC) is enabled. If you delete the default ServiceAccount object in a namespace, the control plane replaces it with a new one. default If you deploy a Pod in a namespace, and you don't manually assign a ServiceAccount to the Pod, Kubernetes assigns the default ServiceAccount for that namespace to the Pod. default"
k8s_security_docs,,k8s_security_docs__docs_concepts_security_service_accounts__service_accounts__use_cases_for_kubernetes_service_accounts__0004__chunk_0001,1,8,190,"As a general guideline, you can use service accounts to provide identities in the following scenarios: Your Pods need to communicate with the Kubernetes API server, for example in situations such as the following: Providing read-only access to sensitive information stored in Secrets. Granting cross-namespace access, such as allowing a Pod in namespace example to read, list, and watch for Lease objects in the kube-node-lease namespace. Providing read-only access to sensitive information stored in Secrets. Granting cross-namespace access, such as allowing a Pod in namespace example to read, list, and watch for Lease objects in the kube-node-lease namespace. example kube-node-lease Your Pods need to communicate with an external service. For example, a workload Pod requires an identity for a commercially available cloud API, and the commercial provider allows configuring a suitable trust relationship. Authenticating to a private image registry using an imagePullSecret. imagePullSecret An external service needs to communicate with the Kubernetes API server. For example, authenticating to the cluster as part of a CI/CD pipeline. You use third-party security software in your cluster that relies on the ServiceAccount identity of different Pods to group those Pods into different contexts."
k8s_security_docs,,k8s_security_docs__docs_concepts_security_service_accounts__service_accounts__how_to_use_service_accounts__0005__chunk_0001,1,6,108,"To use a Kubernetes service account, you do the following: Create a ServiceAccount object using a Kubernetes client like kubectl or a manifest that defines the object. kubectl Grant permissions to the ServiceAccount object using an authorization mechanism such as RBAC. Assign the ServiceAccount object to Pods during Pod creation. If you're using the identity from an external service, retrieve the ServiceAccount token and use it from that service instead. Assign the ServiceAccount object to Pods during Pod creation. If you're using the identity from an external service, retrieve the ServiceAccount token and use it from that service instead. For instructions, refer to Configure Service Accounts for Pods."
k8s_security_docs,,k8s_security_docs__docs_concepts_security_service_accounts__service_accounts__how_to_use_service_accounts__grant_permissions_to_a_serviceaccount__0006__chunk_0001,1,5,79,"You can use the built-in Kubernetes role-based access control (RBAC) mechanism to grant the minimum permissions required by each service account. You create a role, which grants access, and then bind the role to your ServiceAccount. RBAC lets you define a minimum set of permissions so that the service account permissions follow the principle of least privilege. Pods that use that service account don't get more permissions than are required to function correctly. For instructions, refer to ServiceAccount permissions."
k8s_security_docs,,k8s_security_docs__docs_concepts_security_service_accounts__service_accounts__how_to_use_service_accounts__grant_permissions_to_a_serviceaccount__cross_namespace_access_using_a_serviceaccount__0007__chunk_0001,1,5,106,"You can use RBAC to allow service accounts in one namespace to perform actions on resources in a different namespace in the cluster. For example, consider a scenario where you have a service account and Pod in the dev namespace and you want your Pod to see Jobs running in the maintenance namespace. You could create a Role object that grants permissions to list Job objects. Then, you'd create a RoleBinding object in the maintenance namespace to bind the Role to the ServiceAccount object. Now, Pods in the dev namespace can list Job objects in the maintenance namespace using that service account. dev maintenance dev maintenance"
k8s_security_docs,,k8s_security_docs__docs_concepts_security_service_accounts__service_accounts__how_to_use_service_accounts__assign_a_serviceaccount_to_a_pod__0008__chunk_0001,1,3,125,"To assign a ServiceAccount to a Pod, you set the spec.serviceAccountName field in the Pod specification. Kubernetes then automatically provides the credentials for that ServiceAccount to the Pod. In v1.22 and later, Kubernetes gets a short-lived, automatically rotating token using the TokenRequest API and mounts the token as a projected volume. spec.serviceAccountName TokenRequest By default, Kubernetes provides the Pod with the credentials for an assigned ServiceAccount, whether that is the default ServiceAccount or a custom ServiceAccount that you specify. default To prevent Kubernetes from automatically injecting credentials for a specified ServiceAccount or the default ServiceAccount, set the automountServiceAccountToken field in your Pod specification to false. default automountServiceAccountToken false In versions earlier than 1.22, Kubernetes provides a long-lived, static token to the Pod as a Secret."
k8s_security_docs,,k8s_security_docs__docs_concepts_security_service_accounts__service_accounts__how_to_use_service_accounts__assign_a_serviceaccount_to_a_pod__manually_retrieve_serviceaccount_credentials__0009__chunk_0001,1,7,155,"If you need the credentials for a ServiceAccount to mount in a non-standard location, or for an audience that isn't the API server, use one of the following methods: TokenRequest API (recommended): Request a short-lived service account token from within your own application code. The token expires automatically and can rotate upon expiration. If you have a legacy application that is not aware of Kubernetes, you could use a sidecar container within the same pod to fetch these tokens and make them available to the application workload. Token Volume Projection (also recommended): In Kubernetes v1.20 and later, use the Pod specification to tell the kubelet to add the service account token to the Pod as a projected volume. Projected tokens expire automatically, and the kubelet rotates the token before it expires. Service Account Token Secrets (not recommended): You can mount service account tokens as Kubernetes Secrets in Pods. These tokens don't expire and don't rotate."
k8s_security_docs,,k8s_security_docs__docs_concepts_security_service_accounts__service_accounts__how_to_use_service_accounts__assign_a_serviceaccount_to_a_pod__manually_retrieve_serviceaccount_credentials__0009__chunk_0002,2,4,87,"In versions prior to v1.24, a permanent token was automatically created for each service account. This method is not recommended anymore, especially at scale, because of the risks associated with static, long-lived credentials. The LegacyServiceAccountTokenNoAutoGeneration feature gate (which was enabled by default from Kubernetes v1.24 to v1.26), prevented Kubernetes from automatically creating these tokens for ServiceAccounts. The feature gate is removed in v1.27, because it was elevated to GA status; you can still create indefinite service account tokens manually, but should take into account the security implications."
k8s_security_docs,,k8s_security_docs__docs_concepts_security_service_accounts__service_accounts__how_to_use_service_accounts__assign_a_serviceaccount_to_a_pod__node_audience_restriction_for_service_account_tokens__0010__chunk_0001,1,6,106,"Kubernetes v1.33 [beta] When the ServiceAccountNodeAudienceRestriction feature gate is enabled, the NodeRestriction admission plugin limits which audiences a kubelet can request when creating service account tokens via the TokenRequest API. By default, the kubelet can only request tokens for audiences already referenced by pods on that node (through projected service account token volumes or CSI driver token requests). Administrators can grant kubelets access to additional audiences using RBAC rules with the request-serviceaccounts-token-audience verb. ServiceAccountNodeAudienceRestriction TokenRequest request-serviceaccounts-token-audience This restriction applies only to kubelets (node identities) and does not affect other callers of the TokenRequest API. For details and RBAC examples, see Service account token audience restriction. TokenRequest"
k8s_security_docs,,k8s_security_docs__docs_concepts_security_service_accounts__service_accounts__how_to_use_service_accounts__assign_a_serviceaccount_to_a_pod__note__0011__chunk_0001,1,5,97,"For applications running outside your Kubernetes cluster, you might be considering creating a long-lived ServiceAccount token that is stored in a Secret. This allows authentication, but the Kubernetes project recommends you avoid this approach. Long-lived bearer tokens represent a security risk as, once disclosed, the token can be misused. Instead, consider using an alternative. For example, your external application can authenticate using a well-protected private key and a certificate, or using a custom mechanism such as an authentication webhook that you implement yourself. and You can also use TokenRequest to obtain short-lived tokens for your external application."
k8s_security_docs,,k8s_security_docs__docs_concepts_security_service_accounts__service_accounts__how_to_use_service_accounts__restricting_access_to_secrets_deprecated__note__0012__chunk_0001,1,2,86,"kubernetes.io/enforce-mountable-secrets Kubernetes provides an annotation called kubernetes.io/enforce-mountable-secrets that you can add to your ServiceAccounts. When this annotation is applied, the ServiceAccount's secrets can only be mounted on specified types of resources, enhancing the security posture of your cluster. kubernetes.io/enforce-mountable-secrets You can add the annotation to a ServiceAccount using a manifest: apiVersion: v1 kind: ServiceAccount metadata: annotations: kubernetes.io/enforce-mountable-secrets: ""true"" name: my-serviceaccount namespace: my-namespace When this annotation is set to ""true"", the Kubernetes control plane ensures that the Secrets from this ServiceAccount are subject to certain mounting restrictions."
k8s_security_docs,,k8s_security_docs__docs_concepts_security_service_accounts__service_accounts__how_to_use_service_accounts__restricting_access_to_secrets_deprecated__note__0012__chunk_0002,2,1,98,"The name of each Secret that is mounted as a volume in a Pod must appear in the secrets field of the Pod's ServiceAccount. secrets The name of each Secret referenced using envFrom in a Pod must also appear in the secrets field of the Pod's ServiceAccount. envFrom secrets The name of each Secret referenced using imagePullSecrets in a Pod must also appear in the secrets field of the Pod's ServiceAccount. imagePullSecrets secrets By understanding and enforcing these restrictions, cluster administrators can maintain a tighter security profile and ensure that secrets are accessed only by the appropriate resources."
k8s_security_docs,,k8s_security_docs__docs_concepts_security_service_accounts__service_accounts__authenticating_service_account_credentials__0013__chunk_0001,1,9,151,"ServiceAccounts use signed JSON Web Tokens (JWTs) to authenticate to the Kubernetes API server, and to any other system where a trust relationship exists. Depending on how the token was issued (either time-limited using a TokenRequest or using a legacy mechanism with a Secret), a ServiceAccount token might also have an expiry time, an audience, and a time after which the token starts being valid. When a client that is acting as a ServiceAccount tries to communicate with the Kubernetes API server, the client includes an Authorization: Bearer <token> header with the HTTP request. The API server checks the validity of that bearer token as follows: TokenRequest Authorization: Bearer <token> Checks the token signature. Checks whether the token has expired. Checks whether object references in the token claims are currently valid. Checks whether the token is currently valid. Checks the audience claims. The TokenRequest API produces bound tokens for a ServiceAccount."
k8s_security_docs,,k8s_security_docs__docs_concepts_security_service_accounts__service_accounts__authenticating_service_account_credentials__0013__chunk_0002,2,5,100,"This binding is linked to the lifetime of the client, such as a Pod, that is acting as that ServiceAccount. See Token Volume Projection for an example of a bound pod service account token's JWT schema and payload. For tokens issued using the TokenRequest API, the API server also checks that the specific object reference that is using the ServiceAccount still exists, matching by the unique ID of that object. For legacy tokens that are mounted as Secrets in Pods, the API server checks the token against the Secret. TokenRequest For more information about the authentication process, refer to Authentication."
k8s_security_docs,,k8s_security_docs__docs_concepts_security_service_accounts__service_accounts__authenticating_service_account_credentials__authenticating_service_account_credentials_in_your_own_code__0014__chunk_0001,1,5,151,"If you have services of your own that need to validate Kubernetes service account credentials, you can use the following methods: TokenReview API (recommended) OIDC discovery The Kubernetes project recommends that you use the TokenReview API, because this method invalidates tokens that are bound to API objects such as Secrets, ServiceAccounts, Pods or Nodes when those objects are deleted. For example, if you delete the Pod that contains a projected ServiceAccount token, the cluster invalidates that token immediately and a TokenReview immediately fails. If you use OIDC validation instead, your clients continue to treat the token as valid until the token reaches its expiration timestamp. Your application should always define the audience that it accepts, and should check that the token's audiences match the audiences that the application expects. This helps to minimize the scope of the token so that it can only be used in your application and nowhere else."
k8s_security_docs,,k8s_security_docs__docs_concepts_security_service_accounts__service_accounts__alternatives__0015__chunk_0001,1,7,140,"Issue your own tokens using another mechanism, and then use Webhook Token Authentication to validate bearer tokens using your own validation service. Provide your own identities to Pods. Use the SPIFFE CSI driver plugin to provide SPIFFE SVIDs as X.509 certificate pairs to Pods. 🛇 This item links to a third party project or product that is not part of Kubernetes itself. More information Use a service mesh such as Istio to provide certificates to Pods. Use the SPIFFE CSI driver plugin to provide SPIFFE SVIDs as X.509 certificate pairs to Pods. 🛇 This item links to a third party project or product that is not part of Kubernetes itself. More information Use the SPIFFE CSI driver plugin to provide SPIFFE SVIDs as X.509 certificate pairs to Pods. Use a service mesh such as Istio to provide certificates to Pods."
k8s_security_docs,,k8s_security_docs__docs_concepts_security_service_accounts__service_accounts__alternatives__0015__chunk_0002,2,8,140,"Authenticate from outside the cluster to the API server without using service account tokens: Configure the API server to accept OpenID Connect (OIDC) tokens from your identity provider. Use service accounts or user accounts created using an external Identity and Access Management (IAM) service, such as from a cloud provider, to authenticate to your cluster. Use the CertificateSigningRequest API with client certificates. Configure the API server to accept OpenID Connect (OIDC) tokens from your identity provider. Use service accounts or user accounts created using an external Identity and Access Management (IAM) service, such as from a cloud provider, to authenticate to your cluster. Use the CertificateSigningRequest API with client certificates. Configure the kubelet to retrieve credentials from an image registry. Use a Device Plugin to access a virtual Trusted Platform Module (TPM), which then allows authentication using a private key."
k8s_security_docs,,k8s_security_docs__docs_concepts_security_controlling_access__controlling_access_to_the_kubernetes_api__0001__chunk_0001,1,4,56,"This page provides an overview of controlling access to the Kubernetes API. Users access the Kubernetes API using kubectl, client libraries, or by making REST requests. Both human users and Kubernetes service accounts can be authorized for API access. When a request reaches the API, it goes through several stages, illustrated in the following diagram: kubectl"
k8s_security_docs,,k8s_security_docs__docs_concepts_security_controlling_access__controlling_access_to_the_kubernetes_api__transport_security__0002__chunk_0001,1,5,147,"By default, the Kubernetes API server listens on port 6443 on the first non-localhost network interface, protected by TLS. In a typical production Kubernetes cluster, the API serves on port 443. The port can be changed with the --secure-port, and the listening IP address with the --bind-address flag. --secure-port --bind-address The API server presents a certificate. This certificate may be signed using a private certificate authority (CA), or based on a public key infrastructure linked to a generally recognized CA. The certificate and corresponding private key can be set by using the --tls-cert-file and --tls-private-key-file flags. --tls-cert-file --tls-private-key-file If your cluster uses a private certificate authority, you need a copy of that CA certificate configured into your ~/.kube/config on the client, so that you can trust the connection and be confident it was not intercepted. ~/.kube/config Your client can present a TLS client certificate at this stage."
k8s_security_docs,,k8s_security_docs__docs_concepts_security_controlling_access__controlling_access_to_the_kubernetes_api__authentication__0003__chunk_0001,1,9,143,"Once TLS is established, the HTTP request moves to the Authentication step. This is shown as step 1 in the diagram. The cluster creation script or cluster admin configures the API server to run one or more Authenticator modules. Authenticators are described in more detail in Authentication. The input to the authentication step is the entire HTTP request; however, it typically examines the headers and/or client certificate. Authentication modules include client certificates, password, and plain tokens, bootstrap tokens, and JSON Web Tokens (used for service accounts). Multiple authentication modules can be specified, in which case each one is tried in sequence, until one of them succeeds. If the request cannot be authenticated, it is rejected with HTTP status code 401. Otherwise, the user is authenticated as a specific username, and the user name is available to subsequent steps to use in their decisions."
k8s_security_docs,,k8s_security_docs__docs_concepts_security_controlling_access__controlling_access_to_the_kubernetes_api__authentication__0003__chunk_0002,2,2,49,"Some authenticators also provide the group memberships of the user, while other authenticators do not. username While Kubernetes uses usernames for access control decisions and in request logging, it does not have a User object nor does it store usernames or other information about users in its API. User"
k8s_security_docs,,k8s_security_docs__docs_concepts_security_controlling_access__controlling_access_to_the_kubernetes_api__authorization__0004__chunk_0001,1,5,164,"After the request is authenticated as coming from a specific user, the request must be authorized. This is shown as step 2 in the diagram. A request must include the username of the requester, the requested action, and the object affected by the action. The request is authorized if an existing policy declares that the user has permissions to complete the requested action. For example, if Bob has the policy below, then he can read pods only in the namespace projectCaribou: projectCaribou { ""apiVersion"": ""abac.authorization.kubernetes.io/v1beta1"", ""kind"": ""Policy"", ""spec"": { ""user"": ""bob"", ""namespace"": ""projectCaribou"", ""resource"": ""pods"", ""readonly"": true } } If Bob makes the following request, the request is authorized because he is allowed to read objects in the projectCaribou namespace: projectCaribou { ""apiVersion"": ""authorization.k8s.io/v1beta1"", ""kind"": ""SubjectAccessReview"", ""spec"": { ""resourceAttributes"": { ""namespace"": ""projectCaribou"", ""verb"": ""get"", ""group"": ""unicorn.example.org"", ""resource"": ""pods"" } } } If Bob makes a request to write ( create or update ) to the objects in the projectCaribou namespace, his authorization is denied."
k8s_security_docs,,k8s_security_docs__docs_concepts_security_controlling_access__controlling_access_to_the_kubernetes_api__authorization__0004__chunk_0002,2,7,159,"If Bob makes a request to read ( get ) objects in a different namespace such as projectFish, then his authorization is denied. create update projectCaribou get projectFish Kubernetes authorization requires that you use common REST attributes to interact with existing organization-wide or cloud-provider-wide access control systems. It is important to use REST formatting because these control systems might interact with other APIs besides the Kubernetes API. Kubernetes supports multiple authorization modules, such as ABAC mode, RBAC Mode, and Webhook mode. When an administrator creates a cluster, they configure the authorization modules that should be used in the API server. If more than one authorization modules are configured, Kubernetes checks each module, and if any module authorizes the request, then the request can proceed. If all of the modules deny the request, then the request is denied (HTTP status code 403). To learn more about Kubernetes authorization, including details about creating policies using the supported authorization modules, see Authorization."
k8s_security_docs,,k8s_security_docs__docs_concepts_security_controlling_access__controlling_access_to_the_kubernetes_api__admission_control__0005__chunk_0001,1,10,155,"Admission Control modules are software modules that can modify or reject requests. In addition to the attributes available to Authorization modules, Admission Control modules can access the contents of the object that is being created or modified. Admission controllers act on requests that create, modify, delete, or connect to (proxy) an object. Admission controllers do not act on requests that merely read objects. When multiple admission controllers are configured, they are called in order. This is shown as step 3 in the diagram. Unlike Authentication and Authorization modules, if any admission controller module rejects, then the request is immediately rejected. In addition to rejecting objects, admission controllers can also set complex defaults for fields. The available Admission Control modules are described in Admission Controllers. Once a request passes all admission controllers, it is validated using the validation routines for the corresponding API object, and then written to the object store (shown as step 4 )."
k8s_security_docs,,k8s_security_docs__docs_concepts_security_controlling_access__controlling_access_to_the_kubernetes_api__auditing__0006__chunk_0001,1,3,52,"Section: Controlling Access to the Kubernetes API > Auditing. Kubernetes auditing provides a security-relevant, chronological set of records documenting the sequence of actions in a cluster. The cluster audits the activities generated by users, by applications that use the Kubernetes API, and by the control plane itself. For more information, see Auditing."
k8s_security_docs,,k8s_security_docs__docs_concepts_security_rbac_good_practices__role_based_access_control_good_practices__0001__chunk_0001,1,3,75,"Kubernetes RBAC is a key security control to ensure that cluster users and workloads have only the access to resources required to execute their roles. It is important to ensure that, when designing permissions for cluster users, the cluster administrator understands the areas where privilege escalation could occur, to reduce the risk of excessive access leading to security incidents. The good practices laid out here should be read in conjunction with the general RBAC documentation."
k8s_security_docs,,k8s_security_docs__docs_concepts_security_rbac_good_practices__role_based_access_control_good_practices__general_good_practice__least_privilege__0002__chunk_0001,1,8,137,"Ideally, minimal RBAC rights should be assigned to users and service accounts. Only permissions explicitly required for their operation should be used. While each cluster will be different, some general rules that can be applied are: Assign permissions at the namespace level where possible. Use RoleBindings as opposed to ClusterRoleBindings to give users rights only within a specific namespace. Avoid providing wildcard permissions when possible, especially to all resources. As Kubernetes is an extensible system, providing wildcard access gives rights not just to all object types that currently exist in the cluster, but also to all object types which are created in the future. Administrators should not use cluster-admin accounts except where specifically needed. Providing a low privileged account with impersonation rights can avoid accidental modification of cluster resources. cluster-admin Avoid adding users to the system:masters group."
k8s_security_docs,,k8s_security_docs__docs_concepts_security_rbac_good_practices__role_based_access_control_good_practices__general_good_practice__least_privilege__0002__chunk_0002,2,2,65,"Any user who is a member of this group bypasses all RBAC rights checks and will always have unrestricted superuser access, which cannot be revoked by removing RoleBindings or ClusterRoleBindings. As an aside, if a cluster is using an authorization webhook, membership of this group also bypasses that webhook (requests from users who are members of that group are never sent to the webhook) system:masters"
k8s_security_docs,,k8s_security_docs__docs_concepts_security_rbac_good_practices__role_based_access_control_good_practices__general_good_practice__minimize_distribution_of_privileged_tokens__0003__chunk_0001,1,6,110,"Ideally, pods shouldn't be assigned service accounts that have been granted powerful permissions (for example, any of the rights listed under privilege escalation risks ). In cases where a workload requires powerful permissions, consider the following practices: Limit the number of nodes running powerful pods. Ensure that any DaemonSets you run are necessary and are run with least privilege to limit the blast radius of container escapes. Avoid running powerful pods alongside untrusted or publicly-exposed ones. Consider using Taints and Toleration, NodeAffinity, or PodAntiAffinity to ensure pods don't run alongside untrusted or less-trusted Pods. Pay special attention to situations where less-trustworthy Pods are not meeting the Restricted Pod Security Standard."
k8s_security_docs,,k8s_security_docs__docs_concepts_security_rbac_good_practices__role_based_access_control_good_practices__general_good_practice__hardening__0004__chunk_0001,1,5,120,"Kubernetes defaults to providing access which may not be required in every cluster. Reviewing the RBAC rights provided by default can provide opportunities for security hardening. In general, changes should not be made to rights provided to system: accounts some options to harden cluster rights exist: system: Review bindings for the system:unauthenticated group and remove them where possible, as this gives access to anyone who can contact the API server at a network level. system:unauthenticated Avoid the default auto-mounting of service account tokens by setting automountServiceAccountToken: false. For more details, see using default service account token. Setting this value for a Pod will overwrite the service account setting, workloads which require service account tokens can still mount them. automountServiceAccountToken: false"
k8s_security_docs,,k8s_security_docs__docs_concepts_security_rbac_good_practices__role_based_access_control_good_practices__general_good_practice__periodic_review__0005__chunk_0001,1,2,53,"It is vital to periodically review the Kubernetes RBAC settings for redundant entries and possible privilege escalations. If an attacker is able to create a user account with the same name as a deleted user, they can automatically inherit all the rights of the deleted user, especially the rights assigned to that user."
k8s_security_docs,,k8s_security_docs__docs_concepts_security_rbac_good_practices__role_based_access_control_good_practices__kubernetes_rbac_privilege_escalation_risks__0006__chunk_0001,1,2,64,"Within Kubernetes RBAC there are a number of privileges which, if granted, can allow a user or a service account to escalate their privileges in the cluster or affect systems outside the cluster. This section is intended to provide visibility of the areas where cluster operators should take care, to ensure that they do not inadvertently allow for more access to clusters than intended."
k8s_security_docs,,k8s_security_docs__docs_concepts_security_rbac_good_practices__role_based_access_control_good_practices__kubernetes_rbac_privilege_escalation_risks__listing_secrets__0007__chunk_0001,1,3,74,"It is generally clear that allowing get access on Secrets will allow a user to read their contents. It is also important to note that list and watch access also effectively allow for users to reveal the Secret contents. For example, when a List response is returned (for example, via kubectl get secrets -A -o yaml ), the response includes the contents of all Secrets. get list watch kubectl get secrets -A -o yaml"
k8s_security_docs,,k8s_security_docs__docs_concepts_security_rbac_good_practices__role_based_access_control_good_practices__kubernetes_rbac_privilege_escalation_risks__workload_creation__0008__chunk_0001,1,7,176,"Permission to create workloads (either Pods, or workload resources that manage Pods) in a namespace implicitly grants access to many other resources in that namespace, such as Secrets, ConfigMaps, and PersistentVolumes that can be mounted in Pods. Additionally, since Pods can run as any ServiceAccount, granting permission to create workloads also implicitly grants the API access levels of any service account in that namespace. Users who can run privileged Pods can use that access to gain node access and potentially to further elevate their privileges. Where you do not fully trust a user or other principal with the ability to create suitably secure and isolated Pods, you should enforce either the Baseline or Restricted Pod Security Standard. You can use Pod Security admission or other (third party) mechanisms to implement that enforcement. For these reasons, namespaces should be used to separate resources requiring different levels of trust or tenancy. It is still considered best practice to follow least privilege principles and assign the minimum set of permissions, but boundaries within a namespace should be considered weak."
k8s_security_docs,,k8s_security_docs__docs_concepts_security_rbac_good_practices__role_based_access_control_good_practices__kubernetes_rbac_privilege_escalation_risks__persistent_volume_creation__0009__chunk_0001,1,6,159,"If someone - or some application - is allowed to create arbitrary PersistentVolumes, that access includes the creation of hostPath volumes, which then means that a Pod would get access to the underlying host filesystem(s) on the associated node. Granting that ability is a security risk. hostPath There are many ways a container with unrestricted access to the host filesystem can escalate privileges, including reading data from other containers, and abusing the credentials of system services, such as Kubelet. You should only allow access to create PersistentVolume objects for: Users (cluster operators) that need this access for their work, and who you trust. The Kubernetes control plane components which creates PersistentVolumes based on PersistentVolumeClaims that are configured for automatic provisioning. This is usually setup by the Kubernetes provider or by the operator when installing a CSI driver. Where access to persistent storage is required trusted administrators should create PersistentVolumes, and constrained users should use PersistentVolumeClaims to access that storage."
k8s_security_docs,,k8s_security_docs__docs_concepts_security_rbac_good_practices__role_based_access_control_good_practices__kubernetes_rbac_privilege_escalation_risks__access_to_proxy_subresource_of_nodes__0010__chunk_0001,1,4,89,"proxy Users with access to the nodes/proxy sub-resource have rights to the Kubelet API, which allows for command execution on every pod on the node(s) to which they have rights. This access bypasses audit logging and admission control, so care should be taken before granting any rights to this resource. These APIs can be exercised via websocket HTTP GET requests, which only requires authorization of the get verb. This means that get permission on nodes/proxy is not a read-only permission. nodes/proxy GET nodes/proxy See Kubelet authentication/authorization for more information."
k8s_security_docs,,k8s_security_docs__docs_concepts_security_rbac_good_practices__role_based_access_control_good_practices__kubernetes_rbac_privilege_escalation_risks__escalate_verb__0011__chunk_0001,1,3,50,"Section: Kubernetes RBAC - privilege escalation risks > Escalate verb. Generally, the RBAC system prevents users from creating clusterroles with more rights than the user possesses. The exception to this is the escalate verb. As noted in the RBAC documentation, users with this right can effectively escalate their privileges. escalate"
k8s_security_docs,,k8s_security_docs__docs_concepts_security_rbac_good_practices__role_based_access_control_good_practices__kubernetes_rbac_privilege_escalation_risks__bind_verb__0012__chunk_0001,1,1,45,"Section: Kubernetes RBAC - privilege escalation risks > Bind verb. Similar to the escalate verb, granting users this right allows for the bypass of Kubernetes in-built protections against privilege escalation, allowing users to create bindings to roles with rights they do not already have. escalate"
