snapshot_id,source_id,source_type,trust_level,item_id,requested_url,final_url,status_code,content_type,byte_size,sha256,local_body_path,metadata_path
2026-05-23T101357Z,k8s_security_docs,html,official,docs_concepts_security,https://kubernetes.io/docs/concepts/security/,https://kubernetes.io/docs/concepts/security/,200,text/html; charset=UTF-8,488984,e58ae45c55c87ba7835f05768a175e5b759173ad5ae479b6c33f1764f89dad36,/Users/alien/Desktop/Adv ai/rag-k8s-security/submission_ready/data/raw/k8s_security_docs/2026-05-23T101357Z/docs_concepts_security/body.html,/Users/alien/Desktop/Adv ai/rag-k8s-security/submission_ready/data/raw/k8s_security_docs/2026-05-23T101357Z/docs_concepts_security/metadata.json
2026-05-23T101357Z,k8s_security_docs,html,official,docs_tasks_administer_cluster_securing_a_cluster,https://kubernetes.io/docs/tasks/administer-cluster/securing-a-cluster/,https://kubernetes.io/docs/tasks/administer-cluster/securing-a-cluster/,200,text/html; charset=UTF-8,501173,364b1c2a59d90605cb7020fada2ce95eafb3c9c4dedd0ed579304db55e404638,/Users/alien/Desktop/Adv ai/rag-k8s-security/submission_ready/data/raw/k8s_security_docs/2026-05-23T101357Z/docs_tasks_administer_cluster_securing_a_cluster/body.html,/Users/alien/Desktop/Adv ai/rag-k8s-security/submission_ready/data/raw/k8s_security_docs/2026-05-23T101357Z/docs_tasks_administer_cluster_securing_a_cluster/metadata.json
2026-05-23T101357Z,k8s_security_docs,html,official,docs_concepts_security_pod_security_standards,https://kubernetes.io/docs/concepts/security/pod-security-standards/,https://kubernetes.io/docs/concepts/security/pod-security-standards/,200,text/html; charset=UTF-8,505080,5c7b3815bb11a9b5923e10475899c5926d5c7ac569bd9c03e5ab148b7cd78ddd,/Users/alien/Desktop/Adv ai/rag-k8s-security/submission_ready/data/raw/k8s_security_docs/2026-05-23T101357Z/docs_concepts_security_pod_security_standards/body.html,/Users/alien/Desktop/Adv ai/rag-k8s-security/submission_ready/data/raw/k8s_security_docs/2026-05-23T101357Z/docs_concepts_security_pod_security_standards/metadata.json
2026-05-23T101357Z,k8s_security_docs,html,official,docs_concepts_security_pod_security_admission,https://kubernetes.io/docs/concepts/security/pod-security-admission/,https://kubernetes.io/docs/concepts/security/pod-security-admission/,200,text/html; charset=UTF-8,491796,3e62b1c136ae49f22021c81de72fac147d486b7fb106752f7329d4a9e77a221b,/Users/alien/Desktop/Adv ai/rag-k8s-security/submission_ready/data/raw/k8s_security_docs/2026-05-23T101357Z/docs_concepts_security_pod_security_admission/body.html,/Users/alien/Desktop/Adv ai/rag-k8s-security/submission_ready/data/raw/k8s_security_docs/2026-05-23T101357Z/docs_concepts_security_pod_security_admission/metadata.json
2026-05-23T101357Z,k8s_security_docs,html,official,docs_concepts_security_service_accounts,https://kubernetes.io/docs/concepts/security/service-accounts/,https://kubernetes.io/docs/concepts/security/service-accounts/,200,text/html; charset=UTF-8,502845,cab3e61acaff7a04c53d504ea94485a88a0d3c07e04ed02dcbe2145fd192fd30,/Users/alien/Desktop/Adv ai/rag-k8s-security/submission_ready/data/raw/k8s_security_docs/2026-05-23T101357Z/docs_concepts_security_service_accounts/body.html,/Users/alien/Desktop/Adv ai/rag-k8s-security/submission_ready/data/raw/k8s_security_docs/2026-05-23T101357Z/docs_concepts_security_service_accounts/metadata.json
2026-05-23T101357Z,k8s_security_docs,html,official,docs_concepts_security_controlling_access,https://kubernetes.io/docs/concepts/security/controlling-access/,https://kubernetes.io/docs/concepts/security/controlling-access/,200,text/html; charset=UTF-8,493012,d8e5a46a21c98ed2fdf0bd32514ca1d36b1e7410518158b9d7bb6892603ff116,/Users/alien/Desktop/Adv ai/rag-k8s-security/submission_ready/data/raw/k8s_security_docs/2026-05-23T101357Z/docs_concepts_security_controlling_access/body.html,/Users/alien/Desktop/Adv ai/rag-k8s-security/submission_ready/data/raw/k8s_security_docs/2026-05-23T101357Z/docs_concepts_security_controlling_access/metadata.json
2026-05-23T101357Z,k8s_security_docs,html,official,docs_concepts_security_rbac_good_practices,https://kubernetes.io/docs/concepts/security/rbac-good-practices/,https://kubernetes.io/docs/concepts/security/rbac-good-practices/,200,text/html; charset=UTF-8,493252,0341733daed56af6b76d8d43aeb5f910a9a8842151843e9c36e881b147feb0bd,/Users/alien/Desktop/Adv ai/rag-k8s-security/submission_ready/data/raw/k8s_security_docs/2026-05-23T101357Z/docs_concepts_security_rbac_good_practices/body.html,/Users/alien/Desktop/Adv ai/rag-k8s-security/submission_ready/data/raw/k8s_security_docs/2026-05-23T101357Z/docs_concepts_security_rbac_good_practices/metadata.json
2026-05-23T101357Z,k8s_security_docs,html,official,docs_concepts_security_secrets_good_practices,https://kubernetes.io/docs/concepts/security/secrets-good-practices/,https://kubernetes.io/docs/concepts/security/secrets-good-practices/,200,text/html; charset=UTF-8,488563,8fde09dcaba105b29e3749999a5405f0ded64d5fc9213bc31332de58cdcfd430,/Users/alien/Desktop/Adv ai/rag-k8s-security/submission_ready/data/raw/k8s_security_docs/2026-05-23T101357Z/docs_concepts_security_secrets_good_practices/body.html,/Users/alien/Desktop/Adv ai/rag-k8s-security/submission_ready/data/raw/k8s_security_docs/2026-05-23T101357Z/docs_concepts_security_secrets_good_practices/metadata.json
2026-05-23T101357Z,k8s_security_docs,html,official,docs_concepts_security_multi_tenancy,https://kubernetes.io/docs/concepts/security/multi-tenancy/,https://kubernetes.io/docs/concepts/security/multi-tenancy/,200,text/html; charset=UTF-8,512856,e5ab300404b549b0c2a7c1f0e40a5a5df06e01f03eb8ad2760209ba753eb61a6,/Users/alien/Desktop/Adv ai/rag-k8s-security/submission_ready/data/raw/k8s_security_docs/2026-05-23T101357Z/docs_concepts_security_multi_tenancy/body.html,/Users/alien/Desktop/Adv ai/rag-k8s-security/submission_ready/data/raw/k8s_security_docs/2026-05-23T101357Z/docs_concepts_security_multi_tenancy/metadata.json
2026-05-23T101357Z,k8s_security_docs,html,official,docs_concepts_security_linux_security,https://kubernetes.io/docs/concepts/security/linux-security/,https://kubernetes.io/docs/concepts/security/linux-security/,200,text/html; charset=UTF-8,481304,6ed0cf5bca9506c7ea065e25293dc5e58c82c0cd8fe65a7dc05b08262e61633d,/Users/alien/Desktop/Adv ai/rag-k8s-security/submission_ready/data/raw/k8s_security_docs/2026-05-23T101357Z/docs_concepts_security_linux_security/body.html,/Users/alien/Desktop/Adv ai/rag-k8s-security/submission_ready/data/raw/k8s_security_docs/2026-05-23T101357Z/docs_concepts_security_linux_security/metadata.json
2026-05-23T101357Z,k8s_security_docs,html,official,docs_concepts_security_linux_kernel_security_constraints,https://kubernetes.io/docs/concepts/security/linux-kernel-security-constraints/,https://kubernetes.io/docs/concepts/security/linux-kernel-security-constraints/,200,text/html; charset=UTF-8,495267,c82bf641e65385c70617cb8279e6363ea5b42853fc86e29aee1b8e679ae4a60a,/Users/alien/Desktop/Adv ai/rag-k8s-security/submission_ready/data/raw/k8s_security_docs/2026-05-23T101357Z/docs_concepts_security_linux_kernel_security_constraints/body.html,/Users/alien/Desktop/Adv ai/rag-k8s-security/submission_ready/data/raw/k8s_security_docs/2026-05-23T101357Z/docs_concepts_security_linux_kernel_security_constraints/metadata.json
2026-05-23T101357Z,k8s_security_docs,html,official,docs_concepts_security_hardening_guide_authentication_mechanisms,https://kubernetes.io/docs/concepts/security/hardening-guide/authentication-mechanisms/,https://kubernetes.io/docs/concepts/security/hardening-guide/authentication-mechanisms/,200,text/html; charset=UTF-8,489213,42ade084be11bc819dfe7cd65e4cc83bb7a492d5d9cffb28b535cfef1ee6aa07,/Users/alien/Desktop/Adv ai/rag-k8s-security/submission_ready/data/raw/k8s_security_docs/2026-05-23T101357Z/docs_concepts_security_hardening_guide_authentication_mechanisms/body.html,/Users/alien/Desktop/Adv ai/rag-k8s-security/submission_ready/data/raw/k8s_security_docs/2026-05-23T101357Z/docs_concepts_security_hardening_guide_authentication_mechanisms/metadata.json
2026-05-23T101357Z,k8s_security_docs,html,official,docs_concepts_security_api_server_bypass_risks,https://kubernetes.io/docs/concepts/security/api-server-bypass-risks/,https://kubernetes.io/docs/concepts/security/api-server-bypass-risks/,200,text/html; charset=UTF-8,489111,6243b340e9871fca1e3c4971f9a6ecbbbb71a6c7233047bd9595c3862c19833b,/Users/alien/Desktop/Adv ai/rag-k8s-security/submission_ready/data/raw/k8s_security_docs/2026-05-23T101357Z/docs_concepts_security_api_server_bypass_risks/body.html,/Users/alien/Desktop/Adv ai/rag-k8s-security/submission_ready/data/raw/k8s_security_docs/2026-05-23T101357Z/docs_concepts_security_api_server_bypass_risks/metadata.json
2026-05-23T101357Z,k8s_security_docs,html,official,docs_concepts_security_security_checklist,https://kubernetes.io/docs/concepts/security/security-checklist/,https://kubernetes.io/docs/concepts/security/security-checklist/,200,text/html; charset=UTF-8,504577,9771092fea2b43e33d32847bfb21badf1aa248094a50763b312a447b9d986d8c,/Users/alien/Desktop/Adv ai/rag-k8s-security/submission_ready/data/raw/k8s_security_docs/2026-05-23T101357Z/docs_concepts_security_security_checklist/body.html,/Users/alien/Desktop/Adv ai/rag-k8s-security/submission_ready/data/raw/k8s_security_docs/2026-05-23T101357Z/docs_concepts_security_security_checklist/metadata.json
2026-05-23T101357Z,k8s_security_docs,html,official,docs_concepts_security_application_security_checklist,https://kubernetes.io/docs/concepts/security/application-security-checklist/,https://kubernetes.io/docs/concepts/security/application-security-checklist/,200,text/html; charset=UTF-8,489395,e843ef1890019ae9f1c6b60c7e18bc8c5215ed929f0c0cd9d126027d1ca697b8,/Users/alien/Desktop/Adv ai/rag-k8s-security/submission_ready/data/raw/k8s_security_docs/2026-05-23T101357Z/docs_concepts_security_application_security_checklist/body.html,/Users/alien/Desktop/Adv ai/rag-k8s-security/submission_ready/data/raw/k8s_security_docs/2026-05-23T101357Z/docs_concepts_security_application_security_checklist/metadata.json
2026-05-23T101357Z,k8s_access_control_docs,html,official,docs_reference_access_authn_authz,https://kubernetes.io/docs/reference/access-authn-authz/,https://kubernetes.io/docs/reference/access-authn-authz/,200,text/html; charset=UTF-8,481749,398d0cddbe678922c9aaaafb77825c478c21e32290d244bc6da2dce16518129c,/Users/alien/Desktop/Adv ai/rag-k8s-security/submission_ready/data/raw/k8s_access_control_docs/2026-05-23T101357Z/docs_reference_access_authn_authz/body.html,/Users/alien/Desktop/Adv ai/rag-k8s-security/submission_ready/data/raw/k8s_access_control_docs/2026-05-23T101357Z/docs_reference_access_authn_authz/metadata.json
2026-05-23T101357Z,k8s_access_control_docs,html,official,docs_reference_access_authn_authz_authentication,https://kubernetes.io/docs/reference/access-authn-authz/authentication/,https://kubernetes.io/docs/reference/access-authn-authz/authentication/,200,text/html; charset=UTF-8,720818,d40f9d9522f290b30e014770872fbba7f777b1c614a7556039944d8bcecda092,/Users/alien/Desktop/Adv ai/rag-k8s-security/submission_ready/data/raw/k8s_access_control_docs/2026-05-23T101357Z/docs_reference_access_authn_authz_authentication/body.html,/Users/alien/Desktop/Adv ai/rag-k8s-security/submission_ready/data/raw/k8s_access_control_docs/2026-05-23T101357Z/docs_reference_access_authn_authz_authentication/metadata.json
2026-05-23T101357Z,k8s_access_control_docs,html,official,docs_reference_access_authn_authz_authorization,https://kubernetes.io/docs/reference/access-authn-authz/authorization/,https://kubernetes.io/docs/reference/access-authn-authz/authorization/,200,text/html; charset=UTF-8,530797,9877dc691023d39e4b9c85f8331420481d8cc76d5710dd5b6ba5fe32f201f45a,/Users/alien/Desktop/Adv ai/rag-k8s-security/submission_ready/data/raw/k8s_access_control_docs/2026-05-23T101357Z/docs_reference_access_authn_authz_authorization/body.html,/Users/alien/Desktop/Adv ai/rag-k8s-security/submission_ready/data/raw/k8s_access_control_docs/2026-05-23T101357Z/docs_reference_access_authn_authz_authorization/metadata.json
2026-05-23T101357Z,k8s_access_control_docs,html,official,docs_reference_access_authn_authz_rbac,https://kubernetes.io/docs/reference/access-authn-authz/rbac/,https://kubernetes.io/docs/reference/access-authn-authz/rbac/,200,text/html; charset=UTF-8,614684,0e143f102e00643673b0ef0bdf3a2f799e05b8f953dd5eabaae7980362a339b0,/Users/alien/Desktop/Adv ai/rag-k8s-security/submission_ready/data/raw/k8s_access_control_docs/2026-05-23T101357Z/docs_reference_access_authn_authz_rbac/body.html,/Users/alien/Desktop/Adv ai/rag-k8s-security/submission_ready/data/raw/k8s_access_control_docs/2026-05-23T101357Z/docs_reference_access_authn_authz_rbac/metadata.json
2026-05-23T101357Z,k8s_access_control_docs,html,official,docs_reference_access_authn_authz_admission_controllers,https://kubernetes.io/docs/reference/access-authn-authz/admission-controllers/,https://kubernetes.io/docs/reference/access-authn-authz/admission-controllers/,200,text/html; charset=UTF-8,550660,ca82e31f54acb75e99cf559e82db657004dd5b85c41489c6c177a27e9f80d64f,/Users/alien/Desktop/Adv ai/rag-k8s-security/submission_ready/data/raw/k8s_access_control_docs/2026-05-23T101357Z/docs_reference_access_authn_authz_admission_controllers/body.html,/Users/alien/Desktop/Adv ai/rag-k8s-security/submission_ready/data/raw/k8s_access_control_docs/2026-05-23T101357Z/docs_reference_access_authn_authz_admission_controllers/metadata.json
2026-05-23T101357Z,k8s_access_control_docs,html,official,docs_reference_access_authn_authz_kubelet_authn_authz,https://kubernetes.io/docs/reference/access-authn-authz/kubelet-authn-authz/,https://kubernetes.io/docs/reference/access-authn-authz/kubelet-authn-authz/,200,text/html; charset=UTF-8,488451,befb16cfb12191bdd8112c18429d2e544e67f73bd7cfc871d4c0eeb3021ae849,/Users/alien/Desktop/Adv ai/rag-k8s-security/submission_ready/data/raw/k8s_access_control_docs/2026-05-23T101357Z/docs_reference_access_authn_authz_kubelet_authn_authz/body.html,/Users/alien/Desktop/Adv ai/rag-k8s-security/submission_ready/data/raw/k8s_access_control_docs/2026-05-23T101357Z/docs_reference_access_authn_authz_kubelet_authn_authz/metadata.json
2026-05-23T101357Z,k8s_access_control_docs,html,official,docs_reference_access_authn_authz_bootstrap_tokens,https://kubernetes.io/docs/reference/access-authn-authz/bootstrap-tokens/,https://kubernetes.io/docs/reference/access-authn-authz/bootstrap-tokens/,200,text/html; charset=UTF-8,496971,8473ee1bbffe090dae1b41bbf4beccf38f494c0a12c3cfa0b574bdaddd433cfc,/Users/alien/Desktop/Adv ai/rag-k8s-security/submission_ready/data/raw/k8s_access_control_docs/2026-05-23T101357Z/docs_reference_access_authn_authz_bootstrap_tokens/body.html,/Users/alien/Desktop/Adv ai/rag-k8s-security/submission_ready/data/raw/k8s_access_control_docs/2026-05-23T101357Z/docs_reference_access_authn_authz_bootstrap_tokens/metadata.json
2026-05-23T101357Z,k8s_access_control_docs,html,official,docs_reference_access_authn_authz_kubelet_tls_bootstrapping,https://kubernetes.io/docs/reference/access-authn-authz/kubelet-tls-bootstrapping/,https://kubernetes.io/docs/reference/access-authn-authz/kubelet-tls-bootstrapping/,200,text/html; charset=UTF-8,520074,5bcbda0d86c1e9ffc836ad665de4b0a536263d02be0b2d176661b0709e873137,/Users/alien/Desktop/Adv ai/rag-k8s-security/submission_ready/data/raw/k8s_access_control_docs/2026-05-23T101357Z/docs_reference_access_authn_authz_kubelet_tls_bootstrapping/body.html,/Users/alien/Desktop/Adv ai/rag-k8s-security/submission_ready/data/raw/k8s_access_control_docs/2026-05-23T101357Z/docs_reference_access_authn_authz_kubelet_tls_bootstrapping/metadata.json
2026-05-23T101357Z,k8s_operational_security_docs,html,official,docs_concepts_services_networking_network_policies,https://kubernetes.io/docs/concepts/services-networking/network-policies/,https://kubernetes.io/docs/concepts/services-networking/network-policies/,200,text/html; charset=UTF-8,541678,5f2f58a034d5a385e48d56069e9914c37cd3f2d1183b550e68e8bd9e5981af8b,/Users/alien/Desktop/Adv ai/rag-k8s-security/submission_ready/data/raw/k8s_operational_security_docs/2026-05-23T101357Z/docs_concepts_services_networking_network_policies/body.html,/Users/alien/Desktop/Adv ai/rag-k8s-security/submission_ready/data/raw/k8s_operational_security_docs/2026-05-23T101357Z/docs_concepts_services_networking_network_policies/metadata.json
2026-05-23T101357Z,k8s_operational_security_docs,html,official,docs_tasks_administer_cluster_encrypt_data,https://kubernetes.io/docs/tasks/administer-cluster/encrypt-data/,https://kubernetes.io/docs/tasks/administer-cluster/encrypt-data/,200,text/html; charset=UTF-8,548228,f153b27383a89014db451795d6e87de6fee4c5ab0e6c1f4d62e1757d2964c13b,/Users/alien/Desktop/Adv ai/rag-k8s-security/submission_ready/data/raw/k8s_operational_security_docs/2026-05-23T101357Z/docs_tasks_administer_cluster_encrypt_data/body.html,/Users/alien/Desktop/Adv ai/rag-k8s-security/submission_ready/data/raw/k8s_operational_security_docs/2026-05-23T101357Z/docs_tasks_administer_cluster_encrypt_data/metadata.json
2026-05-23T101357Z,k8s_operational_security_docs,html,official,docs_tasks_debug_debug_cluster_audit,https://kubernetes.io/docs/tasks/debug/debug-cluster/audit/,https://kubernetes.io/docs/tasks/debug/debug-cluster/audit/,200,text/html; charset=UTF-8,518922,214a837cf7ba62b71b31c6a8a3b06c7ba99d3d2d618692e0853ead7bbdb64d8c,/Users/alien/Desktop/Adv ai/rag-k8s-security/submission_ready/data/raw/k8s_operational_security_docs/2026-05-23T101357Z/docs_tasks_debug_debug_cluster_audit/body.html,/Users/alien/Desktop/Adv ai/rag-k8s-security/submission_ready/data/raw/k8s_operational_security_docs/2026-05-23T101357Z/docs_tasks_debug_debug_cluster_audit/metadata.json
2026-05-23T101357Z,k8s_operational_security_docs,html,official,docs_concepts_cluster_administration_admission_webhooks_good_practices,https://kubernetes.io/docs/concepts/cluster-administration/admission-webhooks-good-practices/,https://kubernetes.io/docs/concepts/cluster-administration/admission-webhooks-good-practices/,200,text/html; charset=UTF-8,516601,dc18f37f5b322bd5bad8ac60ca9cd2ce6c057157a8c7216aa797a056e954611a,/Users/alien/Desktop/Adv ai/rag-k8s-security/submission_ready/data/raw/k8s_operational_security_docs/2026-05-23T101357Z/docs_concepts_cluster_administration_admission_webhooks_good_practices/body.html,/Users/alien/Desktop/Adv ai/rag-k8s-security/submission_ready/data/raw/k8s_operational_security_docs/2026-05-23T101357Z/docs_concepts_cluster_administration_admission_webhooks_good_practices/metadata.json
2026-05-23T101357Z,k8s_cve_feed,json_feed,official,docs_reference_issues_security_official_cve_feed_index_json,https://kubernetes.io/docs/reference/issues-security/official-cve-feed/index.json,https://kubernetes.io/docs/reference/issues-security/official-cve-feed/index.json,200,application/json,271429,091df621c89632dcdddb53b128f307bb8bb0d6e80b54c8fd4da3fb3ea0932a7d,/Users/alien/Desktop/Adv ai/rag-k8s-security/submission_ready/data/raw/k8s_cve_feed/2026-05-23T101357Z/docs_reference_issues_security_official_cve_feed_index_json/body.json,/Users/alien/Desktop/Adv ai/rag-k8s-security/submission_ready/data/raw/k8s_cve_feed/2026-05-23T101357Z/docs_reference_issues_security_official_cve_feed_index_json/metadata.json
2026-05-23T101357Z,nsa_cisa_k8s_hardening,pdf,official,2022_aug_29_2003066362_1_1_0_ctr_kubernetes_hardening_guidance_1_2_20220829_pdf,https://media.defense.gov/2022/Aug/29/2003066362/1/1/0/CTR_KUBERNETES_HARDENING_GUIDANCE_1.2_20220829.PDF,https://media.defense.gov/2022/Aug/29/2003066362/1/1/0/CTR_KUBERNETES_HARDENING_GUIDANCE_1.2_20220829.PDF,200,application/pdf,4799812,5738e33f80064ab3fe465f513a7b698bc88e1538e53d35e43b2cab4171d1d509,/Users/alien/Desktop/Adv ai/rag-k8s-security/submission_ready/data/raw/nsa_cisa_k8s_hardening/2026-05-23T101357Z/2022_aug_29_2003066362_1_1_0_ctr_kubernetes_hardening_guidance_1_2_20220829_pdf/body.pdf,/Users/alien/Desktop/Adv ai/rag-k8s-security/submission_ready/data/raw/nsa_cisa_k8s_hardening/2026-05-23T101357Z/2022_aug_29_2003066362_1_1_0_ctr_kubernetes_hardening_guidance_1_2_20220829_pdf/metadata.json
2026-05-23T101357Z,nist_sp_800_190,pdf,official,nistpubs_specialpublications_nist_sp_800_190_pdf,https://nvlpubs.nist.gov/nistpubs/specialpublications/nist.sp.800-190.pdf,https://nvlpubs.nist.gov/nistpubs/specialpublications/nist.sp.800-190.pdf,200,application/pdf,666229,0ebad52c4a3aba971b3a707b056e57238d1c4ad8f212dffd461ff9f5fed1bdb6,/Users/alien/Desktop/Adv ai/rag-k8s-security/submission_ready/data/raw/nist_sp_800_190/2026-05-23T101357Z/nistpubs_specialpublications_nist_sp_800_190_pdf/body.pdf,/Users/alien/Desktop/Adv ai/rag-k8s-security/submission_ready/data/raw/nist_sp_800_190/2026-05-23T101357Z/nistpubs_specialpublications_nist_sp_800_190_pdf/metadata.json
2026-05-23T101357Z,owasp_k8s_cheatsheet,html,trusted,cheatsheets_kubernetes_security_cheat_sheet_html,https://cheatsheetseries.owasp.org/cheatsheets/Kubernetes_Security_Cheat_Sheet.html,https://cheatsheetseries.owasp.org/cheatsheets/Kubernetes_Security_Cheat_Sheet.html,200,text/html; charset=utf-8,205883,eff1c72e89158f45b2f74fbdfa6e7af3b75edc1405d927a3acfa24ddeeef5169,/Users/alien/Desktop/Adv ai/rag-k8s-security/submission_ready/data/raw/owasp_k8s_cheatsheet/2026-05-23T101357Z/cheatsheets_kubernetes_security_cheat_sheet_html/body.html,/Users/alien/Desktop/Adv ai/rag-k8s-security/submission_ready/data/raw/owasp_k8s_cheatsheet/2026-05-23T101357Z/cheatsheets_kubernetes_security_cheat_sheet_html/metadata.json
2026-05-23T101357Z,cncf_cloud_native_security_whitepaper,pdf,trusted,community_resources_security_whitepaper_v2_cncf_cloud_native_security_whitepaper_may2022_v2_pdf,https://tag-security.cncf.io/community/resources/security-whitepaper/v2/CNCF_cloud-native-security-whitepaper-May2022-v2.pdf,https://tag-security.cncf.io/community/resources/security-whitepaper/v2/CNCF_cloud-native-security-whitepaper-May2022-v2.pdf,200,application/pdf,1545334,6f7f12b75ae11277d3694b156ae7b0c33190aba644ac6122336ecede01b1fe1b,/Users/alien/Desktop/Adv ai/rag-k8s-security/submission_ready/data/raw/cncf_cloud_native_security_whitepaper/2026-05-23T101357Z/community_resources_security_whitepaper_v2_cncf_cloud_native_security_whitepaper_may2022_v2_pdf/body.pdf,/Users/alien/Desktop/Adv ai/rag-k8s-security/submission_ready/data/raw/cncf_cloud_native_security_whitepaper/2026-05-23T101357Z/community_resources_security_whitepaper_v2_cncf_cloud_native_security_whitepaper_may2022_v2_pdf/metadata.json
2026-05-23T101357Z,aalto_k8s_security_thesis,pdf,trusted,server_api_core_bitstreams_d523d51a_e37d_4df4_acc6_7f3a75f44af1_content,https://aaltodoc.aalto.fi/server/api/core/bitstreams/d523d51a-e37d-4df4-acc6-7f3a75f44af1/content,https://aaltodoc.aalto.fi/server/api/core/bitstreams/d523d51a-e37d-4df4-acc6-7f3a75f44af1/content,200,application/pdf;charset=UTF-8,1037935,27f6c6fe4c8d6ac918ab9592bdc9340a91f5e0b5e802e2168633f74b3da57657,/Users/alien/Desktop/Adv ai/rag-k8s-security/submission_ready/data/raw/aalto_k8s_security_thesis/2026-05-23T101357Z/server_api_core_bitstreams_d523d51a_e37d_4df4_acc6_7f3a75f44af1_content/body.pdf,/Users/alien/Desktop/Adv ai/rag-k8s-security/submission_ready/data/raw/aalto_k8s_security_thesis/2026-05-23T101357Z/server_api_core_bitstreams_d523d51a_e37d_4df4_acc6_7f3a75f44af1_content/metadata.json
2026-05-23T101357Z,k8s_security_observability_book,pdf,trusted,wp_content_uploads_2023_12_kubernetes_security_and_observability_pdf,https://ioannisgk.com/wp-content/uploads/2023/12/Kubernetes-Security-and-Observability.pdf,https://ioannisgk.com/wp-content/uploads/2023/12/Kubernetes-Security-and-Observability.pdf,200,application/pdf,5940108,63c9746d153a47c3cb771418ced89f113529ed3f9866968205741ee8d5201fbe,/Users/alien/Desktop/Adv ai/rag-k8s-security/submission_ready/data/raw/k8s_security_observability_book/2026-05-23T101357Z/wp_content_uploads_2023_12_kubernetes_security_and_observability_pdf/body.pdf,/Users/alien/Desktop/Adv ai/rag-k8s-security/submission_ready/data/raw/k8s_security_observability_book/2026-05-23T101357Z/wp_content_uploads_2023_12_kubernetes_security_and_observability_pdf/metadata.json
2026-05-23T101357Z,learn_kubernetes_security_book,pdf,trusted,gnu_20linux_20_20unix_like_devops_learn_20kubernetes_20security_pdf,https://edu.anarcho-copy.org/GNU%20Linux%20-%20Unix-Like/DevOps/Learn%20Kubernetes%20Security.pdf,https://edu.anarcho-copy.org/GNU%20Linux%20-%20Unix-Like/DevOps/Learn%20Kubernetes%20Security.pdf,200,application/pdf,6149150,aa563ea05500d817ada50bb6fc18a8cc78ee774e59ef6a14a4d035f42a6c905a,/Users/alien/Desktop/Adv ai/rag-k8s-security/submission_ready/data/raw/learn_kubernetes_security_book/2026-05-23T101357Z/gnu_20linux_20_20unix_like_devops_learn_20kubernetes_20security_pdf/body.pdf,/Users/alien/Desktop/Adv ai/rag-k8s-security/submission_ready/data/raw/learn_kubernetes_security_book/2026-05-23T101357Z/gnu_20linux_20_20unix_like_devops_learn_20kubernetes_20security_pdf/metadata.json
2026-05-23T101357Z,wallarm_kubernetes_security_whitepaper,pdf,trusted,5ff66329429d880392f6cba2_60061e3fc399246789cb179c_wallarm_20whitepaper_207_20steps_20to_20kubernetes_20security_pdf,https://cdn.prod.website-files.com/5ff66329429d880392f6cba2/60061e3fc399246789cb179c_Wallarm.%20Whitepaper.%207%20Steps%20to%20Kubernetes%20Security.pdf,https://cdn.prod.website-files.com/5ff66329429d880392f6cba2/60061e3fc399246789cb179c_Wallarm.%20Whitepaper.%207%20Steps%20to%20Kubernetes%20Security.pdf,200,application/pdf,1616054,212c0ec841e056d171706b55a710d48ae3250d66f6ce8ee54090b2f126413b22,/Users/alien/Desktop/Adv ai/rag-k8s-security/submission_ready/data/raw/wallarm_kubernetes_security_whitepaper/2026-05-23T101357Z/5ff66329429d880392f6cba2_60061e3fc399246789cb179c_wallarm_20whitepaper_207_20steps_20to_20kubernetes_20security_pdf/body.pdf,/Users/alien/Desktop/Adv ai/rag-k8s-security/submission_ready/data/raw/wallarm_kubernetes_security_whitepaper/2026-05-23T101357Z/5ff66329429d880392f6cba2_60061e3fc399246789cb179c_wallarm_20whitepaper_207_20steps_20to_20kubernetes_20security_pdf/metadata.json
2026-05-23T101357Z,practical_devsecops_kubernetes_security_101,pdf,trusted,wp_content_uploads_2023_10_kubernetes_security_101_pdf,https://www.practical-devsecops.com/wp-content/uploads/2023/10/Kubernetes-Security-101.pdf,https://www.practical-devsecops.com/wp-content/uploads/2023/10/Kubernetes-Security-101.pdf,200,application/pdf,3301159,b232d4ad7bd1467758ee7fc058327a4c2ceb21e0004caad693337cbb7d20b9d1,/Users/alien/Desktop/Adv ai/rag-k8s-security/submission_ready/data/raw/practical_devsecops_kubernetes_security_101/2026-05-23T101357Z/wp_content_uploads_2023_10_kubernetes_security_101_pdf/body.pdf,/Users/alien/Desktop/Adv ai/rag-k8s-security/submission_ready/data/raw/practical_devsecops_kubernetes_security_101/2026-05-23T101357Z/wp_content_uploads_2023_10_kubernetes_security_101_pdf/metadata.json
2026-05-23T101357Z,redhat_kubernetes_security_pdf,pdf,trusted,tracks_pfcdn_assets_10330_contents_318568_ea1ce4f7_13d6_439d_bdf4_c804284d32ae_pdf,https://www.redhat.com/tracks/_pfcdn/assets/10330/contents/318568/ea1ce4f7-13d6-439d-bdf4-c804284d32ae.pdf,https://www.redhat.com/tracks/_pfcdn/assets/10330/contents/318568/ea1ce4f7-13d6-439d-bdf4-c804284d32ae.pdf,200,application/pdf,566146,f93bb0c9ef81ef34bdcc4d1434c02b47bb5f89c0f5cd738588d42371994a3c46,/Users/alien/Desktop/Adv ai/rag-k8s-security/submission_ready/data/raw/redhat_kubernetes_security_pdf/2026-05-23T101357Z/tracks_pfcdn_assets_10330_contents_318568_ea1ce4f7_13d6_439d_bdf4_c804284d32ae_pdf/body.pdf,/Users/alien/Desktop/Adv ai/rag-k8s-security/submission_ready/data/raw/redhat_kubernetes_security_pdf/2026-05-23T101357Z/tracks_pfcdn_assets_10330_contents_318568_ea1ce4f7_13d6_439d_bdf4_c804284d32ae_pdf/metadata.json
