query_id,variant,bertscore_p,bertscore_r,bertscore_f1,num_retrieved_chunk_ids,num_citations,citation_valid,topic,difficulty,model_name,context_relevance,answer_relevance,faithfulness,context_precision,context_recall
Q001,V1,0.641209602355957,0.6640106439590454,0.6524109840393066,3,2,True,authentication_and_identity,basic,Gemma-2-2B-IT,,,,,
Q001,V2,0.641209602355957,0.6640106439590454,0.6524109840393066,3,2,True,authentication_and_identity,basic,Gemma-2-2B-IT,,,,,
Q001,V3,0.6566265821456909,0.6415491700172424,0.6490002870559692,3,3,True,authentication_and_identity,basic,Gemma-2-2B-IT,,,,,
Q002,V1,0.710036039352417,0.697242021560669,0.7035808563232422,3,3,True,authentication_and_identity,basic,Gemma-2-2B-IT,,,,,
Q002,V2,0.710036039352417,0.697242021560669,0.7035808563232422,3,3,True,authentication_and_identity,basic,Gemma-2-2B-IT,,,,,
Q002,V3,0.6582726240158081,0.6646847724914551,0.6614631414413452,3,3,True,authentication_and_identity,basic,Gemma-2-2B-IT,,,,,
Q003,V1,0.6462845802307129,0.7082136869430542,0.6758334040641785,3,2,True,authentication_and_identity,basic,Gemma-2-2B-IT,,,,,
Q003,V2,0.6462845802307129,0.7082136869430542,0.6758334040641785,3,2,True,authentication_and_identity,basic,Gemma-2-2B-IT,,,,,
Q003,V3,0.7352995276451111,0.6738663911819458,0.7032439112663269,3,3,True,authentication_and_identity,basic,Gemma-2-2B-IT,,,,,
Q004,V1,0.5794563889503479,0.5159807205200195,0.5458794832229614,3,3,True,authentication_and_identity,intermediate,Gemma-2-2B-IT,,,,,
Q004,V2,0.5794563889503479,0.5159807205200195,0.5458794832229614,3,3,True,authentication_and_identity,intermediate,Gemma-2-2B-IT,,,,,
Q004,V3,0.6040565371513367,0.5809091329574585,0.5922567844390869,3,3,True,authentication_and_identity,intermediate,Gemma-2-2B-IT,,,,,
Q005,V1,0.4948658645153045,0.5616769790649414,0.5261589884757996,3,3,True,authentication_and_identity,intermediate,Gemma-2-2B-IT,,,,,
Q005,V2,0.4948658645153045,0.5616769790649414,0.5261589884757996,3,3,True,authentication_and_identity,intermediate,Gemma-2-2B-IT,,,,,
Q005,V3,0.5627681612968445,0.5571861267089844,0.5599632263183594,3,2,True,authentication_and_identity,intermediate,Gemma-2-2B-IT,,,,,
Q006,V1,0.6247408390045166,0.6170163750648499,0.6208546161651611,3,3,True,authentication_and_identity,intermediate,Gemma-2-2B-IT,,,,,
Q006,V2,0.6247408390045166,0.6170163750648499,0.6208546161651611,3,3,True,authentication_and_identity,intermediate,Gemma-2-2B-IT,,,,,
Q006,V3,0.6499961614608765,0.6323117017745972,0.6410319805145264,3,3,True,authentication_and_identity,intermediate,Gemma-2-2B-IT,,,,,
Q007,V1,0.5995683670043945,0.6074216365814209,0.6034694314002991,3,3,True,authentication_and_identity,intermediate,Gemma-2-2B-IT,,,,,
Q007,V2,0.5995683670043945,0.6074216365814209,0.6034694314002991,3,3,True,authentication_and_identity,intermediate,Gemma-2-2B-IT,,,,,
Q007,V3,0.645485520362854,0.6248482465744019,0.6349992752075195,3,2,True,authentication_and_identity,intermediate,Gemma-2-2B-IT,,,,,
Q008,V1,0.6190181970596313,0.6337310075759888,0.6262882351875305,3,1,True,authentication_and_identity,intermediate,Gemma-2-2B-IT,,,,,
Q008,V2,0.6190181970596313,0.6337310075759888,0.6262882351875305,3,1,True,authentication_and_identity,intermediate,Gemma-2-2B-IT,,,,,
Q008,V3,0.6164863705635071,0.6103351712226868,0.6133953332901001,3,2,True,authentication_and_identity,intermediate,Gemma-2-2B-IT,,,,,
Q009,V1,0.5267160534858704,0.5765489339828491,0.5505070686340332,3,3,True,authentication_and_identity,advanced,Gemma-2-2B-IT,,,,,
Q009,V2,0.5044139623641968,0.5875922441482544,0.5428352355957031,3,3,True,authentication_and_identity,advanced,Gemma-2-2B-IT,,,,,
Q009,V3,0.5815231800079346,0.5635858774185181,0.5724140405654907,3,2,True,authentication_and_identity,advanced,Gemma-2-2B-IT,,,,,
Q010,V1,0.6065254211425781,0.5838785171508789,0.5949864983558655,3,3,True,authentication_and_identity,advanced,Gemma-2-2B-IT,,,,,
Q010,V2,0.6131473779678345,0.5823784470558167,0.5973669290542603,3,2,True,authentication_and_identity,advanced,Gemma-2-2B-IT,,,,,
Q010,V3,0.6204761266708374,0.5643295049667358,0.5910724997520447,3,3,True,authentication_and_identity,advanced,Gemma-2-2B-IT,,,,,
Q011,V1,0.6195095181465149,0.6864652037620544,0.6512709856033325,3,2,True,rbac_and_service_accounts,basic,Gemma-2-2B-IT,,,,,
Q011,V2,0.6195095181465149,0.6864652037620544,0.6512709856033325,3,2,True,rbac_and_service_accounts,basic,Gemma-2-2B-IT,,,,,
Q011,V3,0.6150815486907959,0.677726149559021,0.6448860764503479,3,3,True,rbac_and_service_accounts,basic,Gemma-2-2B-IT,,,,,
Q012,V1,0.5857406258583069,0.5998865365982056,0.5927291512489319,3,2,True,rbac_and_service_accounts,basic,Gemma-2-2B-IT,,,,,
Q012,V2,0.5857406258583069,0.5998865365982056,0.5927291512489319,3,2,True,rbac_and_service_accounts,basic,Gemma-2-2B-IT,,,,,
Q012,V3,0.6740192174911499,0.6423628330230713,0.657810389995575,3,3,True,rbac_and_service_accounts,basic,Gemma-2-2B-IT,,,,,
Q013,V1,0.6836917400360107,0.6090517640113831,0.6442170143127441,3,3,True,rbac_and_service_accounts,basic,Gemma-2-2B-IT,,,,,
Q013,V2,0.6836917400360107,0.6090517640113831,0.6442170143127441,3,3,True,rbac_and_service_accounts,basic,Gemma-2-2B-IT,,,,,
Q013,V3,0.7108728289604187,0.6040046215057373,0.6530957818031311,3,3,True,rbac_and_service_accounts,basic,Gemma-2-2B-IT,,,,,
Q014,V1,0.6359329223632812,0.6261870265007019,0.6310223340988159,3,3,True,rbac_and_service_accounts,intermediate,Gemma-2-2B-IT,,,,,
Q014,V2,0.6359329223632812,0.6261870265007019,0.6310223340988159,3,3,True,rbac_and_service_accounts,intermediate,Gemma-2-2B-IT,,,,,
Q014,V3,0.6667659282684326,0.6320663690567017,0.6489526629447937,3,3,True,rbac_and_service_accounts,intermediate,Gemma-2-2B-IT,,,,,
Q015,V1,0.6555555462837219,0.5994603633880615,0.6262543201446533,3,3,True,rbac_and_service_accounts,intermediate,Gemma-2-2B-IT,,,,,
Q015,V2,0.6555555462837219,0.5994603633880615,0.6262543201446533,3,3,True,rbac_and_service_accounts,intermediate,Gemma-2-2B-IT,,,,,
Q015,V3,0.6610485911369324,0.6036540269851685,0.6310489773750305,3,3,True,rbac_and_service_accounts,intermediate,Gemma-2-2B-IT,,,,,
Q016,V1,0.5234110355377197,0.587443470954895,0.5535817742347717,3,3,True,rbac_and_service_accounts,intermediate,Gemma-2-2B-IT,,,,,
Q016,V2,0.5234110355377197,0.587443470954895,0.5535817742347717,3,3,True,rbac_and_service_accounts,intermediate,Gemma-2-2B-IT,,,,,
Q016,V3,0.6054959297180176,0.591360330581665,0.598344624042511,3,2,True,rbac_and_service_accounts,intermediate,Gemma-2-2B-IT,,,,,
Q017,V1,0.5664119124412537,0.6242691278457642,0.5939348340034485,3,3,True,rbac_and_service_accounts,intermediate,Gemma-2-2B-IT,,,,,
Q017,V2,0.5664119124412537,0.6242691278457642,0.5939348340034485,3,3,True,rbac_and_service_accounts,intermediate,Gemma-2-2B-IT,,,,,
Q017,V3,0.5363396406173706,0.5815272331237793,0.5580201148986816,3,3,True,rbac_and_service_accounts,intermediate,Gemma-2-2B-IT,,,,,
Q018,V1,0.645622968673706,0.6817570924758911,0.6631982326507568,3,2,True,rbac_and_service_accounts,intermediate,Gemma-2-2B-IT,,,,,
Q018,V2,0.6422033309936523,0.6804930567741394,0.6607939600944519,3,2,True,rbac_and_service_accounts,intermediate,Gemma-2-2B-IT,,,,,
Q018,V3,0.6321486234664917,0.6543704271316528,0.6430675983428955,3,2,True,rbac_and_service_accounts,intermediate,Gemma-2-2B-IT,,,,,
Q019,V1,0.5743395090103149,0.6221325397491455,0.5972815155982971,3,3,True,rbac_and_service_accounts,advanced,Gemma-2-2B-IT,,,,,
Q019,V2,0.5743395090103149,0.6221325397491455,0.5972815155982971,3,3,True,rbac_and_service_accounts,advanced,Gemma-2-2B-IT,,,,,
Q019,V3,0.5732898116111755,0.620491623878479,0.5959575772285461,3,2,True,rbac_and_service_accounts,advanced,Gemma-2-2B-IT,,,,,
Q020,V1,0.6222516298294067,0.6338815689086914,0.6280127167701721,3,3,True,rbac_and_service_accounts,advanced,Gemma-2-2B-IT,,,,,
Q020,V2,0.6222516298294067,0.6338815689086914,0.6280127167701721,3,3,True,rbac_and_service_accounts,advanced,Gemma-2-2B-IT,,,,,
Q020,V3,0.6742186546325684,0.6567475199699402,0.665368378162384,3,1,True,rbac_and_service_accounts,advanced,Gemma-2-2B-IT,,,,,
Q021,V1,0.6716852188110352,0.6628022193908691,0.6672141551971436,3,2,True,pod_security_and_admission_control,basic,Gemma-2-2B-IT,,,,,
Q021,V2,0.6716852188110352,0.6628022193908691,0.6672141551971436,3,2,True,pod_security_and_admission_control,basic,Gemma-2-2B-IT,,,,,
Q021,V3,0.674769401550293,0.672087550163269,0.6734257936477661,3,3,True,pod_security_and_admission_control,basic,Gemma-2-2B-IT,,,,,
Q022,V1,0.6307636499404907,0.6497071981430054,0.6400952935218811,3,1,True,pod_security_and_admission_control,basic,Gemma-2-2B-IT,,,,,
Q022,V2,0.6072263121604919,0.6039021611213684,0.6055596470832825,3,3,True,pod_security_and_admission_control,basic,Gemma-2-2B-IT,,,,,
Q022,V3,0.6204462647438049,0.5849463939666748,0.6021735668182373,3,3,True,pod_security_and_admission_control,basic,Gemma-2-2B-IT,,,,,
Q023,V1,0.6553552150726318,0.70171058177948,0.6777411699295044,3,2,True,pod_security_and_admission_control,basic,Gemma-2-2B-IT,,,,,
Q023,V2,0.6351618766784668,0.6970133781433105,0.6646518111228943,3,2,True,pod_security_and_admission_control,basic,Gemma-2-2B-IT,,,,,
Q023,V3,0.6157816648483276,0.6756761074066162,0.6443400382995605,3,3,True,pod_security_and_admission_control,basic,Gemma-2-2B-IT,,,,,
Q024,V1,0.5617053508758545,0.5605676770210266,0.56113600730896,3,3,True,pod_security_and_admission_control,intermediate,Gemma-2-2B-IT,,,,,
Q024,V2,0.5617053508758545,0.5605676770210266,0.56113600730896,3,3,True,pod_security_and_admission_control,intermediate,Gemma-2-2B-IT,,,,,
Q024,V3,0.5104197263717651,0.5280141830444336,0.5190679430961609,3,3,True,pod_security_and_admission_control,intermediate,Gemma-2-2B-IT,,,,,
Q025,V1,0.6614197492599487,0.6170381307601929,0.6384585499763489,3,3,True,pod_security_and_admission_control,intermediate,Gemma-2-2B-IT,,,,,
Q025,V2,0.6344128847122192,0.6447111368179321,0.6395205855369568,3,3,True,pod_security_and_admission_control,intermediate,Gemma-2-2B-IT,,,,,
Q025,V3,0.5916240215301514,0.5844683647155762,0.5880244374275208,3,3,True,pod_security_and_admission_control,intermediate,Gemma-2-2B-IT,,,,,
Q026,V1,0.5656572580337524,0.5337302088737488,0.54923015832901,3,3,True,pod_security_and_admission_control,intermediate,Gemma-2-2B-IT,,,,,
Q026,V2,0.5656572580337524,0.5337302088737488,0.54923015832901,3,3,True,pod_security_and_admission_control,intermediate,Gemma-2-2B-IT,,,,,
Q026,V3,0.5560815334320068,0.5557305216789246,0.5559059381484985,3,3,True,pod_security_and_admission_control,intermediate,Gemma-2-2B-IT,,,,,
Q027,V1,0.5958895683288574,0.6042991876602173,0.6000649333000183,3,3,True,pod_security_and_admission_control,intermediate,Gemma-2-2B-IT,,,,,
Q027,V2,0.5648007392883301,0.597975492477417,0.5809148550033569,3,2,True,pod_security_and_admission_control,intermediate,Gemma-2-2B-IT,,,,,
Q027,V3,0.5972831845283508,0.5693740844726562,0.5829948782920837,3,3,True,pod_security_and_admission_control,intermediate,Gemma-2-2B-IT,,,,,
Q028,V1,0.6231871843338013,0.6621776819229126,0.6420910954475403,3,2,True,pod_security_and_admission_control,intermediate,Gemma-2-2B-IT,,,,,
Q028,V2,0.6231871843338013,0.6621776819229126,0.6420910954475403,3,2,True,pod_security_and_admission_control,intermediate,Gemma-2-2B-IT,,,,,
Q028,V3,0.4642288386821747,0.5998122692108154,0.523382306098938,3,3,True,pod_security_and_admission_control,intermediate,Gemma-2-2B-IT,,,,,
Q029,V1,0.5922994017601013,0.5937377214431763,0.5930177569389343,3,3,True,pod_security_and_admission_control,advanced,Gemma-2-2B-IT,,,,,
Q029,V2,0.6829589605331421,0.6267992258071899,0.6536750793457031,3,2,True,pod_security_and_admission_control,advanced,Gemma-2-2B-IT,,,,,
Q029,V3,0.5733534693717957,0.5778513550758362,0.5755935907363892,3,3,True,pod_security_and_admission_control,advanced,Gemma-2-2B-IT,,,,,
Q030,V1,0.5156436562538147,0.5734254717826843,0.5430017113685608,3,3,True,pod_security_and_admission_control,advanced,Gemma-2-2B-IT,,,,,
Q030,V2,0.5156436562538147,0.5734254717826843,0.5430017113685608,3,3,True,pod_security_and_admission_control,advanced,Gemma-2-2B-IT,,,,,
Q030,V3,0.5099467039108276,0.5529252886772156,0.5305670499801636,3,3,True,pod_security_and_admission_control,advanced,Gemma-2-2B-IT,,,,,
Q031,V1,0.6205084323883057,0.6242676377296448,0.622382402420044,3,2,True,secrets_handling,basic,Gemma-2-2B-IT,,,,,
Q031,V2,0.6574243307113647,0.6551347970962524,0.6562775373458862,3,2,True,secrets_handling,basic,Gemma-2-2B-IT,,,,,
Q031,V3,0.5938877463340759,0.6159094572067261,0.6046981811523438,3,2,True,secrets_handling,basic,Gemma-2-2B-IT,,,,,
Q032,V1,0.6227625608444214,0.6031216979026794,0.6127848029136658,3,2,True,secrets_handling,basic,Gemma-2-2B-IT,,,,,
Q032,V2,0.6227625608444214,0.6031216979026794,0.6127848029136658,3,2,True,secrets_handling,basic,Gemma-2-2B-IT,,,,,
Q032,V3,0.60662841796875,0.6040558815002441,0.6053394079208374,3,3,True,secrets_handling,basic,Gemma-2-2B-IT,,,,,
Q033,V1,0.5410348176956177,0.6148183941841125,0.575571596622467,3,2,True,secrets_handling,basic,Gemma-2-2B-IT,,,,,
Q033,V2,0.5645447969436646,0.6265518665313721,0.5939342975616455,3,2,True,secrets_handling,basic,Gemma-2-2B-IT,,,,,
Q033,V3,0.6313523054122925,0.6657893657684326,0.6481137275695801,3,2,True,secrets_handling,basic,Gemma-2-2B-IT,,,,,
Q034,V1,0.5722783803939819,0.5874143838882446,0.5797476172447205,3,3,True,secrets_handling,intermediate,Gemma-2-2B-IT,,,,,
Q034,V2,0.5722783803939819,0.5874143838882446,0.5797476172447205,3,3,True,secrets_handling,intermediate,Gemma-2-2B-IT,,,,,
Q034,V3,0.6109668016433716,0.6003051996231079,0.6055890917778015,3,3,True,secrets_handling,intermediate,Gemma-2-2B-IT,,,,,
Q035,V1,0.6714502573013306,0.6695812940597534,0.6705144643783569,3,2,True,secrets_handling,intermediate,Gemma-2-2B-IT,,,,,
Q035,V2,0.6714502573013306,0.6695812940597534,0.6705144643783569,3,2,True,secrets_handling,intermediate,Gemma-2-2B-IT,,,,,
Q035,V3,0.6616495251655579,0.6524546146392822,0.6570199728012085,3,3,True,secrets_handling,intermediate,Gemma-2-2B-IT,,,,,
Q036,V1,0.6667643189430237,0.5984670519828796,0.6307723522186279,3,3,True,secrets_handling,intermediate,Gemma-2-2B-IT,,,,,
Q036,V2,0.6667643189430237,0.5984670519828796,0.6307723522186279,3,3,True,secrets_handling,intermediate,Gemma-2-2B-IT,,,,,
Q036,V3,0.6667643189430237,0.5984670519828796,0.6307723522186279,3,3,True,secrets_handling,intermediate,Gemma-2-2B-IT,,,,,
Q037,V1,0.5901399850845337,0.5975919961929321,0.5938425660133362,3,2,True,secrets_handling,intermediate,Gemma-2-2B-IT,,,,,
Q037,V2,0.5901399850845337,0.5975919961929321,0.5938425660133362,3,2,True,secrets_handling,intermediate,Gemma-2-2B-IT,,,,,
Q037,V3,0.5358524918556213,0.5578217506408691,0.5466164946556091,3,3,True,secrets_handling,intermediate,Gemma-2-2B-IT,,,,,
Q038,V1,0.5594751238822937,0.5840358734130859,0.5714917182922363,3,3,True,secrets_handling,intermediate,Gemma-2-2B-IT,,,,,
Q038,V2,0.5594751238822937,0.5840358734130859,0.5714917182922363,3,3,True,secrets_handling,intermediate,Gemma-2-2B-IT,,,,,
Q038,V3,0.5477257966995239,0.5757785439491272,0.5614019632339478,3,2,True,secrets_handling,intermediate,Gemma-2-2B-IT,,,,,
Q039,V1,0.5623875856399536,0.5741167068481445,0.5681915879249573,3,3,True,secrets_handling,advanced,Gemma-2-2B-IT,,,,,
Q039,V2,0.5623875856399536,0.5741167068481445,0.5681915879249573,3,3,True,secrets_handling,advanced,Gemma-2-2B-IT,,,,,
Q039,V3,0.563395619392395,0.5758506059646606,0.5695550441741943,3,3,True,secrets_handling,advanced,Gemma-2-2B-IT,,,,,
Q040,V1,0.6061793565750122,0.6390360593795776,0.6221742033958435,3,3,True,secrets_handling,advanced,Gemma-2-2B-IT,,,,,
Q040,V2,0.6061793565750122,0.6390360593795776,0.6221742033958435,3,3,True,secrets_handling,advanced,Gemma-2-2B-IT,,,,,
Q040,V3,0.6423530578613281,0.6436105370521545,0.642981231212616,3,3,True,secrets_handling,advanced,Gemma-2-2B-IT,,,,,
Q041,V1,0.7252844572067261,0.6332367658615112,0.6761422753334045,3,3,True,network_policy_and_traffic_isolation,basic,Gemma-2-2B-IT,,,,,
Q041,V2,0.7233050465583801,0.6860803365707397,0.7042011022567749,3,3,True,network_policy_and_traffic_isolation,basic,Gemma-2-2B-IT,,,,,
Q041,V3,0.6992580890655518,0.6949489712715149,0.6970968842506409,3,3,True,network_policy_and_traffic_isolation,basic,Gemma-2-2B-IT,,,,,
Q042,V1,0.6071078777313232,0.6557471752166748,0.6304908394813538,3,3,True,network_policy_and_traffic_isolation,basic,Gemma-2-2B-IT,,,,,
Q042,V2,0.6071078777313232,0.6557471752166748,0.6304908394813538,3,3,True,network_policy_and_traffic_isolation,basic,Gemma-2-2B-IT,,,,,
Q042,V3,0.5823084712028503,0.6172120571136475,0.5992524027824402,3,2,True,network_policy_and_traffic_isolation,basic,Gemma-2-2B-IT,,,,,
Q043,V1,0.559505045413971,0.6010802388191223,0.5795480012893677,3,2,True,network_policy_and_traffic_isolation,basic,Gemma-2-2B-IT,,,,,
Q043,V2,0.559505045413971,0.6010802388191223,0.5795480012893677,3,2,True,network_policy_and_traffic_isolation,basic,Gemma-2-2B-IT,,,,,
Q043,V3,0.6267529726028442,0.6730324625968933,0.6490688920021057,3,2,True,network_policy_and_traffic_isolation,basic,Gemma-2-2B-IT,,,,,
Q044,V1,0.568848729133606,0.6009277701377869,0.5844483971595764,3,2,True,network_policy_and_traffic_isolation,intermediate,Gemma-2-2B-IT,,,,,
Q044,V2,0.5575062036514282,0.5722340941429138,0.5647741556167603,3,2,True,network_policy_and_traffic_isolation,intermediate,Gemma-2-2B-IT,,,,,
Q044,V3,0.5771511793136597,0.5734374523162842,0.5752882957458496,3,3,True,network_policy_and_traffic_isolation,intermediate,Gemma-2-2B-IT,,,,,
Q045,V1,0.5932962894439697,0.6541739106178284,0.6222496628761292,3,3,True,network_policy_and_traffic_isolation,intermediate,Gemma-2-2B-IT,,,,,
Q045,V2,0.5932962894439697,0.6541739106178284,0.6222496628761292,3,3,True,network_policy_and_traffic_isolation,intermediate,Gemma-2-2B-IT,,,,,
Q045,V3,0.6063939929008484,0.6201384663581848,0.6131892204284668,3,2,True,network_policy_and_traffic_isolation,intermediate,Gemma-2-2B-IT,,,,,
Q046,V1,0.6349387764930725,0.6682550311088562,0.6511710286140442,3,2,True,network_policy_and_traffic_isolation,intermediate,Gemma-2-2B-IT,,,,,
Q046,V2,0.6349387764930725,0.6682550311088562,0.6511710286140442,3,2,True,network_policy_and_traffic_isolation,intermediate,Gemma-2-2B-IT,,,,,
Q046,V3,0.6349387764930725,0.6682550311088562,0.6511710286140442,3,2,True,network_policy_and_traffic_isolation,intermediate,Gemma-2-2B-IT,,,,,
Q047,V1,0.5744794011116028,0.6078570485115051,0.5906971096992493,3,3,True,network_policy_and_traffic_isolation,intermediate,Gemma-2-2B-IT,,,,,
Q047,V2,0.5744794011116028,0.6078570485115051,0.5906971096992493,3,3,True,network_policy_and_traffic_isolation,intermediate,Gemma-2-2B-IT,,,,,
Q047,V3,0.5556656122207642,0.6084495782852173,0.5808609127998352,3,2,True,network_policy_and_traffic_isolation,intermediate,Gemma-2-2B-IT,,,,,
Q048,V1,0.5729342699050903,0.5999863147735596,0.5861483216285706,3,3,True,network_policy_and_traffic_isolation,intermediate,Gemma-2-2B-IT,,,,,
Q048,V2,0.5729342699050903,0.5999863147735596,0.5861483216285706,3,3,True,network_policy_and_traffic_isolation,intermediate,Gemma-2-2B-IT,,,,,
Q048,V3,0.5994105935096741,0.6241001486778259,0.6115062832832336,3,3,True,network_policy_and_traffic_isolation,intermediate,Gemma-2-2B-IT,,,,,
Q049,V1,0.5730305314064026,0.5463439226150513,0.5593690872192383,3,3,True,network_policy_and_traffic_isolation,advanced,Gemma-2-2B-IT,,,,,
Q049,V2,0.5730305314064026,0.5463439226150513,0.5593690872192383,3,3,True,network_policy_and_traffic_isolation,advanced,Gemma-2-2B-IT,,,,,
Q049,V3,0.5693795680999756,0.5788916945457458,0.5740962028503418,3,2,True,network_policy_and_traffic_isolation,advanced,Gemma-2-2B-IT,,,,,
Q050,V1,0.5692049264907837,0.6642931699752808,0.6130839586257935,3,3,True,network_policy_and_traffic_isolation,advanced,Gemma-2-2B-IT,,,,,
Q050,V2,0.5692049264907837,0.6642931699752808,0.6130839586257935,3,3,True,network_policy_and_traffic_isolation,advanced,Gemma-2-2B-IT,,,,,
Q050,V3,0.6003490686416626,0.6159138083457947,0.6080318689346313,3,1,True,network_policy_and_traffic_isolation,advanced,Gemma-2-2B-IT,,,,,
Q051,V1,0.5944656133651733,0.6348518133163452,0.6139953136444092,3,3,True,etcd_and_data_protection,basic,Gemma-2-2B-IT,,,,,
Q051,V2,0.5944656133651733,0.6348518133163452,0.6139953136444092,3,3,True,etcd_and_data_protection,basic,Gemma-2-2B-IT,,,,,
Q051,V3,0.6270151734352112,0.6674425601959229,0.6465975642204285,3,3,True,etcd_and_data_protection,basic,Gemma-2-2B-IT,,,,,
Q052,V1,0.6614890098571777,0.7036259174346924,0.6819071173667908,3,3,True,etcd_and_data_protection,basic,Gemma-2-2B-IT,,,,,
Q052,V2,0.6273424625396729,0.7070707082748413,0.6648247838020325,3,2,True,etcd_and_data_protection,basic,Gemma-2-2B-IT,,,,,
Q052,V3,0.5273315906524658,0.633991003036499,0.5757633447647095,3,3,True,etcd_and_data_protection,basic,Gemma-2-2B-IT,,,,,
Q053,V1,0.6119871735572815,0.6363352537155151,0.6239237189292908,3,3,True,etcd_and_data_protection,basic,Gemma-2-2B-IT,,,,,
Q053,V2,0.6119871735572815,0.6363352537155151,0.6239237189292908,3,3,True,etcd_and_data_protection,basic,Gemma-2-2B-IT,,,,,
Q053,V3,0.4958866834640503,0.5849790573120117,0.5367610454559326,3,3,True,etcd_and_data_protection,basic,Gemma-2-2B-IT,,,,,
Q054,V1,0.5403537750244141,0.5658425092697144,0.5528044700622559,3,3,True,etcd_and_data_protection,intermediate,Gemma-2-2B-IT,,,,,
Q054,V2,0.5403537750244141,0.5658425092697144,0.5528044700622559,3,3,True,etcd_and_data_protection,intermediate,Gemma-2-2B-IT,,,,,
Q054,V3,0.5403537750244141,0.5658425092697144,0.5528044700622559,3,3,True,etcd_and_data_protection,intermediate,Gemma-2-2B-IT,,,,,
Q055,V1,0.6229190826416016,0.5903156995773315,0.6061792969703674,3,3,True,etcd_and_data_protection,intermediate,Gemma-2-2B-IT,,,,,
Q055,V2,0.6229190826416016,0.5903156995773315,0.6061792969703674,3,3,True,etcd_and_data_protection,intermediate,Gemma-2-2B-IT,,,,,
Q055,V3,0.5419315099716187,0.5500690937042236,0.5459700226783752,3,3,True,etcd_and_data_protection,intermediate,Gemma-2-2B-IT,,,,,
Q056,V1,0.5417265892028809,0.6072336435317993,0.5726127028465271,3,3,True,etcd_and_data_protection,intermediate,Gemma-2-2B-IT,,,,,
Q056,V2,0.5417265892028809,0.6072336435317993,0.5726127028465271,3,3,True,etcd_and_data_protection,intermediate,Gemma-2-2B-IT,,,,,
Q056,V3,0.5344207286834717,0.5541408061981201,0.544102132320404,3,3,True,etcd_and_data_protection,intermediate,Gemma-2-2B-IT,,,,,
Q057,V1,0.5503348708152771,0.6279109716415405,0.5865691304206848,3,3,True,etcd_and_data_protection,intermediate,Gemma-2-2B-IT,,,,,
Q057,V2,0.5231609344482422,0.5995204448699951,0.5587438941001892,3,3,True,etcd_and_data_protection,intermediate,Gemma-2-2B-IT,,,,,
Q057,V3,0.5720207095146179,0.6342625617980957,0.6015358567237854,3,3,True,etcd_and_data_protection,intermediate,Gemma-2-2B-IT,,,,,
Q058,V1,0.5825446844100952,0.6375831365585327,0.6088225841522217,3,3,True,etcd_and_data_protection,intermediate,Gemma-2-2B-IT,,,,,
Q058,V2,0.6321468353271484,0.6627984642982483,0.6471099257469177,3,3,True,etcd_and_data_protection,intermediate,Gemma-2-2B-IT,,,,,
Q058,V3,0.5187339186668396,0.6083065271377563,0.5599607825279236,3,3,True,etcd_and_data_protection,intermediate,Gemma-2-2B-IT,,,,,
Q059,V1,0.5964223146438599,0.5635396242141724,0.5795149207115173,3,3,True,etcd_and_data_protection,advanced,Gemma-2-2B-IT,,,,,
Q059,V2,0.5964223146438599,0.5635396242141724,0.5795149207115173,3,3,True,etcd_and_data_protection,advanced,Gemma-2-2B-IT,,,,,
Q059,V3,0.5387225151062012,0.5511314868927002,0.5448563694953918,3,3,True,etcd_and_data_protection,advanced,Gemma-2-2B-IT,,,,,
Q060,V1,0.6316386461257935,0.6351912021636963,0.6334099769592285,3,2,True,etcd_and_data_protection,advanced,Gemma-2-2B-IT,,,,,
Q060,V2,0.6098129749298096,0.640444278717041,0.6247534155845642,3,2,True,etcd_and_data_protection,advanced,Gemma-2-2B-IT,,,,,
Q060,V3,0.5714106559753418,0.643421471118927,0.6052817702293396,3,3,True,etcd_and_data_protection,advanced,Gemma-2-2B-IT,,,,,
Q061,V1,0.6356486678123474,0.6310380697250366,0.6333349943161011,3,3,True,image_and_supply_chain_security,basic,Gemma-2-2B-IT,,,,,
Q061,V2,0.6356486678123474,0.6310380697250366,0.6333349943161011,3,3,True,image_and_supply_chain_security,basic,Gemma-2-2B-IT,,,,,
Q061,V3,0.5504331588745117,0.5924919843673706,0.5706887245178223,3,2,True,image_and_supply_chain_security,basic,Gemma-2-2B-IT,,,,,
Q062,V1,0.5784837007522583,0.5161426663398743,0.5455378890037537,3,3,True,image_and_supply_chain_security,basic,Gemma-2-2B-IT,,,,,
Q062,V2,0.5784837007522583,0.5161426663398743,0.5455378890037537,3,3,True,image_and_supply_chain_security,basic,Gemma-2-2B-IT,,,,,
Q062,V3,0.7172019481658936,0.6772247552871704,0.6966403126716614,3,3,True,image_and_supply_chain_security,basic,Gemma-2-2B-IT,,,,,
Q063,V1,0.5812928080558777,0.6914814114570618,0.6316173672676086,3,2,True,image_and_supply_chain_security,basic,Gemma-2-2B-IT,,,,,
Q063,V2,0.579113245010376,0.688614010810852,0.6291345357894897,3,3,True,image_and_supply_chain_security,basic,Gemma-2-2B-IT,,,,,
Q063,V3,0.6676738262176514,0.6912508606910706,0.679257869720459,3,2,True,image_and_supply_chain_security,basic,Gemma-2-2B-IT,,,,,
Q064,V1,0.5633456707000732,0.633232831954956,0.5962483286857605,3,3,True,image_and_supply_chain_security,intermediate,Gemma-2-2B-IT,,,,,
Q064,V2,0.5633456707000732,0.633232831954956,0.5962483286857605,3,3,True,image_and_supply_chain_security,intermediate,Gemma-2-2B-IT,,,,,
Q064,V3,0.5582504868507385,0.6563560962677002,0.603341281414032,3,3,True,image_and_supply_chain_security,intermediate,Gemma-2-2B-IT,,,,,
Q065,V1,0.5807594060897827,0.5724539756774902,0.5765767693519592,3,2,True,image_and_supply_chain_security,intermediate,Gemma-2-2B-IT,,,,,
Q065,V2,0.5372675657272339,0.5639891624450684,0.5503041744232178,3,3,True,image_and_supply_chain_security,intermediate,Gemma-2-2B-IT,,,,,
Q065,V3,0.6465640664100647,0.571724534034729,0.6068455576896667,3,2,True,image_and_supply_chain_security,intermediate,Gemma-2-2B-IT,,,,,
Q066,V1,0.5923888087272644,0.5751159191131592,0.583624541759491,3,2,True,image_and_supply_chain_security,intermediate,Gemma-2-2B-IT,,,,,
Q066,V2,0.5923888087272644,0.5751159191131592,0.583624541759491,3,2,True,image_and_supply_chain_security,intermediate,Gemma-2-2B-IT,,,,,
Q066,V3,0.5635570287704468,0.5776548385620117,0.5705188512802124,3,3,True,image_and_supply_chain_security,intermediate,Gemma-2-2B-IT,,,,,
Q067,V1,0.6469297409057617,0.6644780039787292,0.6555864214897156,3,3,True,image_and_supply_chain_security,intermediate,Gemma-2-2B-IT,,,,,
Q067,V2,0.6469297409057617,0.6644780039787292,0.6555864214897156,3,3,True,image_and_supply_chain_security,intermediate,Gemma-2-2B-IT,,,,,
Q067,V3,0.6463377475738525,0.663677453994751,0.6548928618431091,3,3,True,image_and_supply_chain_security,intermediate,Gemma-2-2B-IT,,,,,
Q068,V1,0.5899568796157837,0.6143935918807983,0.6019273400306702,3,2,True,image_and_supply_chain_security,intermediate,Gemma-2-2B-IT,,,,,
Q068,V2,0.5899568796157837,0.6143935918807983,0.6019273400306702,3,2,True,image_and_supply_chain_security,intermediate,Gemma-2-2B-IT,,,,,
Q068,V3,0.6170691251754761,0.6464136838912964,0.6314006447792053,3,3,True,image_and_supply_chain_security,intermediate,Gemma-2-2B-IT,,,,,
Q069,V1,0.6077213287353516,0.5988459587097168,0.6032509803771973,3,2,True,image_and_supply_chain_security,advanced,Gemma-2-2B-IT,,,,,
Q069,V2,0.6077213287353516,0.5988459587097168,0.6032509803771973,3,2,True,image_and_supply_chain_security,advanced,Gemma-2-2B-IT,,,,,
Q069,V3,0.5678021311759949,0.565052330493927,0.5664238929748535,3,2,True,image_and_supply_chain_security,advanced,Gemma-2-2B-IT,,,,,
Q070,V1,0.6724308133125305,0.7283710241317749,0.6992838978767395,3,3,True,image_and_supply_chain_security,advanced,Gemma-2-2B-IT,,,,,
Q070,V2,0.6724308133125305,0.7283710241317749,0.6992838978767395,3,3,True,image_and_supply_chain_security,advanced,Gemma-2-2B-IT,,,,,
Q070,V3,0.6957905292510986,0.7445195913314819,0.7193307876586914,3,3,True,image_and_supply_chain_security,advanced,Gemma-2-2B-IT,,,,,
Q071,V1,0.5986310243606567,0.6696458458900452,0.6321502327919006,3,3,True,logging_auditing_and_detection,basic,Gemma-2-2B-IT,,,,,
Q071,V2,0.5986310243606567,0.6696458458900452,0.6321502327919006,3,3,True,logging_auditing_and_detection,basic,Gemma-2-2B-IT,,,,,
Q071,V3,0.674176812171936,0.7096823453903198,0.6914740800857544,3,3,True,logging_auditing_and_detection,basic,Gemma-2-2B-IT,,,,,
Q072,V1,0.6798146963119507,0.6782822012901306,0.6790476441383362,3,3,True,logging_auditing_and_detection,basic,Gemma-2-2B-IT,,,,,
Q072,V2,0.6798146963119507,0.6782822012901306,0.6790476441383362,3,3,True,logging_auditing_and_detection,basic,Gemma-2-2B-IT,,,,,
Q072,V3,0.6608011722564697,0.6539155840873718,0.6573403477668762,3,2,True,logging_auditing_and_detection,basic,Gemma-2-2B-IT,,,,,
Q073,V1,0.619731068611145,0.6712269186973572,0.6444519758224487,3,3,True,logging_auditing_and_detection,basic,Gemma-2-2B-IT,,,,,
Q073,V2,0.619731068611145,0.6712269186973572,0.6444519758224487,3,3,True,logging_auditing_and_detection,basic,Gemma-2-2B-IT,,,,,
Q073,V3,0.6134395599365234,0.6329344511032104,0.6230345368385315,3,2,True,logging_auditing_and_detection,basic,Gemma-2-2B-IT,,,,,
Q074,V1,0.599403977394104,0.5618085265159607,0.579997718334198,3,2,True,logging_auditing_and_detection,intermediate,Gemma-2-2B-IT,,,,,
Q074,V2,0.599403977394104,0.5618085265159607,0.579997718334198,3,2,True,logging_auditing_and_detection,intermediate,Gemma-2-2B-IT,,,,,
Q074,V3,0.5476839542388916,0.5793936252593994,0.5630927085876465,3,3,True,logging_auditing_and_detection,intermediate,Gemma-2-2B-IT,,,,,
Q075,V1,0.5669342875480652,0.630736231803894,0.5971358418464661,3,2,True,logging_auditing_and_detection,intermediate,Gemma-2-2B-IT,,,,,
Q075,V2,0.5907987356185913,0.6348079442977905,0.6120131611824036,3,2,True,logging_auditing_and_detection,intermediate,Gemma-2-2B-IT,,,,,
Q075,V3,0.6165523529052734,0.6425498127937317,0.6292827129364014,3,3,True,logging_auditing_and_detection,intermediate,Gemma-2-2B-IT,,,,,
Q076,V1,0.6426377296447754,0.6098421216011047,0.6258105635643005,3,3,True,logging_auditing_and_detection,intermediate,Gemma-2-2B-IT,,,,,
Q076,V2,0.6426377296447754,0.6098421216011047,0.6258105635643005,3,3,True,logging_auditing_and_detection,intermediate,Gemma-2-2B-IT,,,,,
Q076,V3,0.5153757929801941,0.5864330530166626,0.5486131310462952,3,2,True,logging_auditing_and_detection,intermediate,Gemma-2-2B-IT,,,,,
Q077,V1,0.6833333373069763,0.7166728973388672,0.6996061205863953,3,3,True,logging_auditing_and_detection,intermediate,Gemma-2-2B-IT,,,,,
Q077,V2,0.6833333373069763,0.7166728973388672,0.6996061205863953,3,3,True,logging_auditing_and_detection,intermediate,Gemma-2-2B-IT,,,,,
Q077,V3,0.6985993385314941,0.7360036373138428,0.716813862323761,3,3,True,logging_auditing_and_detection,intermediate,Gemma-2-2B-IT,,,,,
Q078,V1,0.5848270654678345,0.6139704585075378,0.5990445613861084,3,3,True,logging_auditing_and_detection,intermediate,Gemma-2-2B-IT,,,,,
Q078,V2,0.5848270654678345,0.6139704585075378,0.5990445613861084,3,3,True,logging_auditing_and_detection,intermediate,Gemma-2-2B-IT,,,,,
Q078,V3,0.5817962884902954,0.5721961259841919,0.5769562721252441,3,3,True,logging_auditing_and_detection,intermediate,Gemma-2-2B-IT,,,,,
Q079,V1,0.6370660066604614,0.5702201128005981,0.6017924547195435,3,3,True,logging_auditing_and_detection,advanced,Gemma-2-2B-IT,,,,,
Q079,V2,0.4884236454963684,0.5122054815292358,0.5000319480895996,3,1,True,logging_auditing_and_detection,advanced,Gemma-2-2B-IT,,,,,
Q079,V3,0.5586386919021606,0.6055042743682861,0.5811281204223633,3,3,True,logging_auditing_and_detection,advanced,Gemma-2-2B-IT,,,,,
Q080,V1,0.5885483622550964,0.6401025652885437,0.613243818283081,3,3,True,logging_auditing_and_detection,advanced,Gemma-2-2B-IT,,,,,
Q080,V2,0.5885483622550964,0.6401025652885437,0.613243818283081,3,3,True,logging_auditing_and_detection,advanced,Gemma-2-2B-IT,,,,,
Q080,V3,0.6021295785903931,0.6418001055717468,0.6213322877883911,3,3,True,logging_auditing_and_detection,advanced,Gemma-2-2B-IT,,,,,
Q081,V1,0.646358072757721,0.6862401962280273,0.6657024025917053,3,2,True,multi_tenancy_and_isolation,basic,Gemma-2-2B-IT,,,,,
Q081,V2,0.6235300302505493,0.6595196723937988,0.6410201191902161,3,3,True,multi_tenancy_and_isolation,basic,Gemma-2-2B-IT,,,,,
Q081,V3,0.6480516195297241,0.6734413504600525,0.6605026125907898,3,2,True,multi_tenancy_and_isolation,basic,Gemma-2-2B-IT,,,,,
Q082,V1,0.6183568835258484,0.6131106615066528,0.6157225966453552,3,3,True,multi_tenancy_and_isolation,basic,Gemma-2-2B-IT,,,,,
Q082,V2,0.6183568835258484,0.6131106615066528,0.6157225966453552,3,3,True,multi_tenancy_and_isolation,basic,Gemma-2-2B-IT,,,,,
Q082,V3,0.5492506623268127,0.6169261336326599,0.5811247229576111,3,1,True,multi_tenancy_and_isolation,basic,Gemma-2-2B-IT,,,,,
Q083,V1,0.6083702445030212,0.6650890111923218,0.6354665756225586,3,3,True,multi_tenancy_and_isolation,basic,Gemma-2-2B-IT,,,,,
Q083,V2,0.6648069620132446,0.6783367991447449,0.6715037822723389,3,2,True,multi_tenancy_and_isolation,basic,Gemma-2-2B-IT,,,,,
Q083,V3,0.6199759244918823,0.6471701860427856,0.6332812905311584,3,2,True,multi_tenancy_and_isolation,basic,Gemma-2-2B-IT,,,,,
Q084,V1,0.6035900115966797,0.5736132860183716,0.5882200002670288,3,3,True,multi_tenancy_and_isolation,intermediate,Gemma-2-2B-IT,,,,,
Q084,V2,0.6035900115966797,0.5736132860183716,0.5882200002670288,3,3,True,multi_tenancy_and_isolation,intermediate,Gemma-2-2B-IT,,,,,
Q084,V3,0.6332408785820007,0.6165266036987305,0.6247719526290894,3,2,True,multi_tenancy_and_isolation,intermediate,Gemma-2-2B-IT,,,,,
Q085,V1,0.5917781591415405,0.6522495746612549,0.6205441355705261,3,2,True,multi_tenancy_and_isolation,intermediate,Gemma-2-2B-IT,,,,,
Q085,V2,0.6161046624183655,0.6440807580947876,0.6297821402549744,3,3,True,multi_tenancy_and_isolation,intermediate,Gemma-2-2B-IT,,,,,
Q085,V3,0.6499850749969482,0.6556394100189209,0.6528000235557556,3,1,True,multi_tenancy_and_isolation,intermediate,Gemma-2-2B-IT,,,,,
Q086,V1,0.5182504057884216,0.5455495119094849,0.5315497517585754,3,3,True,multi_tenancy_and_isolation,intermediate,Gemma-2-2B-IT,,,,,
Q086,V2,0.5820854902267456,0.6069873571395874,0.594275712966919,3,2,True,multi_tenancy_and_isolation,intermediate,Gemma-2-2B-IT,,,,,
Q086,V3,0.5499922037124634,0.5781238675117493,0.5637072920799255,3,2,True,multi_tenancy_and_isolation,intermediate,Gemma-2-2B-IT,,,,,
Q087,V1,0.6750918626785278,0.6831372976303101,0.6790907382965088,3,2,True,multi_tenancy_and_isolation,intermediate,Gemma-2-2B-IT,,,,,
Q087,V2,0.6750918626785278,0.6831372976303101,0.6790907382965088,3,2,True,multi_tenancy_and_isolation,intermediate,Gemma-2-2B-IT,,,,,
Q087,V3,0.6541737914085388,0.6721200942993164,0.6630254983901978,3,2,True,multi_tenancy_and_isolation,intermediate,Gemma-2-2B-IT,,,,,
Q088,V1,0.5691307783126831,0.6057799458503723,0.5868837237358093,3,2,True,multi_tenancy_and_isolation,intermediate,Gemma-2-2B-IT,,,,,
Q088,V2,0.5691307783126831,0.6057799458503723,0.5868837237358093,3,2,True,multi_tenancy_and_isolation,intermediate,Gemma-2-2B-IT,,,,,
Q088,V3,0.5796699523925781,0.5891745090484619,0.5843835473060608,3,2,True,multi_tenancy_and_isolation,intermediate,Gemma-2-2B-IT,,,,,
Q089,V1,0.605923056602478,0.593239426612854,0.5995141267776489,3,2,True,multi_tenancy_and_isolation,advanced,Gemma-2-2B-IT,,,,,
Q089,V2,0.605923056602478,0.593239426612854,0.5995141267776489,3,2,True,multi_tenancy_and_isolation,advanced,Gemma-2-2B-IT,,,,,
Q089,V3,0.583188533782959,0.5939483642578125,0.588519275188446,3,3,True,multi_tenancy_and_isolation,advanced,Gemma-2-2B-IT,,,,,
Q090,V1,0.5805879831314087,0.6508675813674927,0.6137223839759827,3,3,True,multi_tenancy_and_isolation,advanced,Gemma-2-2B-IT,,,,,
Q090,V2,0.5805879831314087,0.6508675813674927,0.6137223839759827,3,3,True,multi_tenancy_and_isolation,advanced,Gemma-2-2B-IT,,,,,
Q090,V3,0.5554720163345337,0.5596980452537537,0.5575770735740662,3,2,True,multi_tenancy_and_isolation,advanced,Gemma-2-2B-IT,,,,,
Q091,V1,0.6013623476028442,0.5557617545127869,0.5776635408401489,3,3,True,vulnerability_management_and_incident_response,basic,Gemma-2-2B-IT,,,,,
Q091,V2,0.6013623476028442,0.5557617545127869,0.5776635408401489,3,3,True,vulnerability_management_and_incident_response,basic,Gemma-2-2B-IT,,,,,
Q091,V3,0.5703579783439636,0.5346619486808777,0.5519334077835083,3,3,True,vulnerability_management_and_incident_response,basic,Gemma-2-2B-IT,,,,,
Q092,V1,0.6729334592819214,0.6839144229888916,0.678379476070404,3,3,True,vulnerability_management_and_incident_response,basic,Gemma-2-2B-IT,,,,,
Q092,V2,0.6729334592819214,0.6839144229888916,0.678379476070404,3,3,True,vulnerability_management_and_incident_response,basic,Gemma-2-2B-IT,,,,,
Q092,V3,0.5557852983474731,0.6086316108703613,0.5810092091560364,3,3,True,vulnerability_management_and_incident_response,basic,Gemma-2-2B-IT,,,,,
Q093,V1,0.6018561124801636,0.5878715515136719,0.5947816371917725,3,2,True,vulnerability_management_and_incident_response,basic,Gemma-2-2B-IT,,,,,
Q093,V2,0.6018561124801636,0.5878715515136719,0.5947816371917725,3,2,True,vulnerability_management_and_incident_response,basic,Gemma-2-2B-IT,,,,,
Q093,V3,0.6846427917480469,0.5776070356369019,0.6265867352485657,3,3,True,vulnerability_management_and_incident_response,basic,Gemma-2-2B-IT,,,,,
Q094,V1,0.6298129558563232,0.6006718277931213,0.6148973107337952,3,3,True,vulnerability_management_and_incident_response,intermediate,Gemma-2-2B-IT,,,,,
Q094,V2,0.6298129558563232,0.6006718277931213,0.6148973107337952,3,3,True,vulnerability_management_and_incident_response,intermediate,Gemma-2-2B-IT,,,,,
Q094,V3,0.5756035447120667,0.6117031574249268,0.5931045413017273,3,3,True,vulnerability_management_and_incident_response,intermediate,Gemma-2-2B-IT,,,,,
Q095,V1,0.6227554082870483,0.6504110097885132,0.6362828612327576,3,3,True,vulnerability_management_and_incident_response,intermediate,Gemma-2-2B-IT,,,,,
Q095,V2,0.6227554082870483,0.6504110097885132,0.6362828612327576,3,3,True,vulnerability_management_and_incident_response,intermediate,Gemma-2-2B-IT,,,,,
Q095,V3,0.6058663129806519,0.6407341957092285,0.6228126287460327,3,3,True,vulnerability_management_and_incident_response,intermediate,Gemma-2-2B-IT,,,,,
Q096,V1,0.6103231906890869,0.6280559301376343,0.619062602519989,3,3,True,vulnerability_management_and_incident_response,intermediate,Gemma-2-2B-IT,,,,,
Q096,V2,0.6103231906890869,0.6280559301376343,0.619062602519989,3,3,True,vulnerability_management_and_incident_response,intermediate,Gemma-2-2B-IT,,,,,
Q096,V3,0.6110420227050781,0.613423228263855,0.6122303605079651,3,3,True,vulnerability_management_and_incident_response,intermediate,Gemma-2-2B-IT,,,,,
Q097,V1,0.6603798866271973,0.6861645579338074,0.6730253100395203,3,3,True,vulnerability_management_and_incident_response,intermediate,Gemma-2-2B-IT,,,,,
Q097,V2,0.6603798866271973,0.6861645579338074,0.6730253100395203,3,3,True,vulnerability_management_and_incident_response,intermediate,Gemma-2-2B-IT,,,,,
Q097,V3,0.707953691482544,0.7155731916427612,0.7117430567741394,3,3,True,vulnerability_management_and_incident_response,intermediate,Gemma-2-2B-IT,,,,,
Q098,V1,0.5410041809082031,0.569332480430603,0.5548070073127747,3,2,True,vulnerability_management_and_incident_response,intermediate,Gemma-2-2B-IT,,,,,
Q098,V2,0.5410041809082031,0.569332480430603,0.5548070073127747,3,2,True,vulnerability_management_and_incident_response,intermediate,Gemma-2-2B-IT,,,,,
Q098,V3,0.5578974485397339,0.6063700914382935,0.5811247229576111,3,3,True,vulnerability_management_and_incident_response,intermediate,Gemma-2-2B-IT,,,,,
Q099,V1,0.5154173374176025,0.5468730926513672,0.53067946434021,3,3,True,vulnerability_management_and_incident_response,advanced,Gemma-2-2B-IT,,,,,
Q099,V2,0.5154173374176025,0.5468730926513672,0.53067946434021,3,3,True,vulnerability_management_and_incident_response,advanced,Gemma-2-2B-IT,,,,,
Q099,V3,0.5716594457626343,0.5446385741233826,0.5578219890594482,3,3,True,vulnerability_management_and_incident_response,advanced,Gemma-2-2B-IT,,,,,
Q100,V1,0.6295857429504395,0.6306812763214111,0.6301330327987671,3,3,True,vulnerability_management_and_incident_response,advanced,Gemma-2-2B-IT,,,,,
Q100,V2,0.6295857429504395,0.6306812763214111,0.6301330327987671,3,3,True,vulnerability_management_and_incident_response,advanced,Gemma-2-2B-IT,,,,,
Q100,V3,0.5573019981384277,0.5772659182548523,0.5671082735061646,3,3,True,vulnerability_management_and_incident_response,advanced,Gemma-2-2B-IT,,,,,
